공고명,관련,호
Korea Customs Week 2026 행사기획 및 준비 대행 용역,1,69
2026년 관세청 SNS 콘텐츠 제작 및 홍보 지원,1,56
2025년 관세청 SNS 콘텐츠 제작 및 홍보 지원,1,56
2026년 온라인 홍보용역(유튜브) 관련 조달계약 체결 의뢰,1,56
2025년 청소년 세금교육 영상 콘텐츠 제작,2,75
2025년 찾아가는 조세박물관 운영 조달입찰 체결,1,69
2026년 조달청 온라인 홍보 사업,1,56
대구지방조달청 비축물자 부대작업 용역 ,1,44
2026년 국제공공조달워크숍(IPPW) 행사대행 용역,1,69
2026년 국제공공조달워크숍(IPPW) 행사 대행 용역,1,69
양평헬스투어 프로그램,1,57
2025 사우디 건축 박람회 전시회 참가 운영 용역,1,69
전통식품(된장 외 2종) 수의 계약,1,19
비축물자(마스크) 물류관리(운송 및 하차 등) 용역,1,40
제5회 조달의 날 및 혁신제품 통합행사 대행용역,1,69
인천비축기지 부대작업 용역,1,44
비축물자 2025년도 화물자동차 운송용역(연간단가) 계약,1,40
비축물자 부대작업 용역,1,44
마스크 비축창고 임차 및 보관관리 용역,1,44
2025년 직원 기념일 케이크 제조 및 배송업체 선정 계약,1,19
2025년도 비축물자 운송용역,1,40
2026년 교원해외파견사업 항공권 구매 및 비자 발급 대행 용역,1,66
2026년 국립특수교육원 구내식당 식재료 공급,1,19
2026년 1분기 국립국제교육원 급식 식재료 구매 소액수의 견적제출 안내공고,2,9
2025년 4분기 국립국제교육원 급식 식재료 구매 소액수의 견적제출 안내공고,1,24
한국경진학교 2학기 주제별 체험학습 및 생애주기별 맞춤형 체험학습 전세버스 임차용역 소액수의 견적제출 공고,2,67
2025년 3분기 국립국제교육원 급식 식재료 구매 소액수의 견적제출 안내공고,1,24
2025년 국립특수교육원 구내식당 식재료 공급,1,24
2025년 2분기 국립국제교육원 급식 식재료 구매 소액수의 견적제출 안내공고,1,19
2025년 한국어능력시험(TOPIK) 국외 문답지 해외특송 용역,2,35
2025학년도 한국경진학교 우유급식 소액수의 견적 제출 공고,2,9
2025학년도 한국우진학교 우유급식 구매,2,9
2026 브랜드기획전 양자세대 전시연출용역,1,69
2026년 국립중앙과학관 푸드테크 특별전 전시 연출 및 운영 용역,1,69
2026 상반기 과학문화행사 기획 및 운영 위탁용역,1,69
서울구로우체국 아파트전담 소포우편물 위탁배달용역(구로구지역),2,35
2026년 제55회 사이언스데이 운영 용역 ,1,69
2026년도 전파시험인증센터 통근버스 임차 용역,2,67
2026년 시민 참여형 스포츠과학 행사 용역,1,69
태안우체국 아파트전담 소포우편물 위탁배달 용역,2,35
당진우체국 아파트전담 소포우편물 위탁배달 용역,2,35
아파트전담 소포우편물 위탁배달 용역(오산),2,35
아파트전담 소포우편물 위탁배달 용역(부평),2,35
아파트전담 소포우편물 위탁배달 용역(안산),2,35
대전우편집중국 파지류 매각 단가계약,1,47
달성우체국 소포우편물 아파트전담 위탁배달업체 용역 계약,2,35
대구수성우체국 소포우편물 아파트전담 위탁배달업체 용역 계약,2,35
2026년 국립중앙과학관 연간 브랜드 행사 대행 용역,1,69
대구달서우체국 소포우편물 아파트전담 위탁배달업체 용역 계약,2,35
서대구우체국 소포우편물 아파트전담 위탁배달업체 용역 계약,2,35
동대구우체국 소포우편물 아파트전담 위탁배달업체 용역 계약,2,35
대구우체국 소포우편물 아파트전담 위탁배달업체 용역 계약,2,35
무인우편접수기 우편물 위탁수거,2,35
외부용 무인우편접수기 우편물 위탁수거 용역,2,35
부산강서우체국(지역2) 아파트전담 소포우편물 위탁배달 용역,2,35
아파트전담 소포우편물 위탁배달 용역(하남),2,35
마산우체국(마산회원구) 아파트전담 소포우편물 위탁배달 용역,2,35
마산우체국(마산합포구) 아파트전담 소포우편물 위탁배달 용역,2,35
동래우체국 아파트전담 소포우편물 위탁배달 용역,2,35
남부산우체국 아파트전담 소포우편물 위탁배달 용역,2,35
진주우체국 아파트전담 소포우편물 위탁배달 용역,2,35
아파트전담 소포우편물 위탁배달 용역(시흥),2,35
아파트전담 소포우편물 위탁배달 용역(동수원),2,35
2026년 전북지방우정청 우체국소포 소포상자 위탁판매 공급업체 입찰공고 ,1,46
양산우체국 아파트전담 소포우편물 위탁배달 용역,2,35
거제우체국 아파트전담 소포우편물 위탁배달 용역,2,35
2025년 강원지방우정청 우체국소포 포장상자 위탁판매 공급업체 선정 입찰 공고,1,46
창원우체국 아파트전담 소포우편물 위탁배달 용역,2,35
아파트전담 소포우편물 위탁배달 용역(화성),2,35
(긴급) 스트레치필름(공업용 랩) 2종 제조·구매,1,46
아파트전담 소포우편물 위탁배달 용역(김포),2,35
2025년도 제2차 우정인재개발원 구내식당 식재료(육류) 단가계약,1,19
2025년도 제2차 우정인재개발원 구내식당 식재료(공산품 및 음료류) 단가계약,1,19
2025년도 제2차 우정인재개발원 구내식당 식재료(수산물 및 해초류) 단가계약,1,19
지역배송업체 소포우편물 위탁배달 용역(안성),2,35
사천우체국 아파트전담 소포우편물 위탁배달 용역 ,2,35
진해우체국 아파트전담 소포우편물 위탁배달 용역,2,35
울산우체국 아파트전담 소포우편물 위탁배달 용역,2,35
아파트전담 소포우편물 위탁배달 용역(여주),2,35
아파트전담 소포우편물 위탁배달 용역(안양),2,35
아파트전담 소포우편물 위탁배달 용역(화성동탄_남동탄),2,35
부산연제우체국 아파트전담 소포우편물 위탁배달 용역,2,35
서울강서우체국 아파트전담 소포우편물 위탁배달용역,2,35
해운대우체국 아파트전담 소포우편물 위탁배달 용역,2,35
2025 SF축제 기획 및 행사운영 위탁용역 ,1,69
칠곡우체국 지역배송업체 소포우편물 위탁배달 용역,2,35
울릉우체국 지역배송업체 소포우편물 위탁배달 용역,2,35
2025년 하반기 기획특별전「첨단바이오 기술 특별전」용역,1,69
부산금정우체국 아파트전담 소포우편물 위탁배달 용역,2,35
거제우체국 지역배송업체 소포우편물 위탁배달 용역,2,35
아파트전담 소포우편물 위탁배달 용역(인천),2,35
스트레치필름(공업용) 2종 제조 구매,1,46
25년~26년 플라스틱 팰릿 임차 단가 용역,1,45
운송용기(롤테이너) 제조 구매,1,46
아파트전담 소포우편물 위탁배달 용역(화성동탄_봉담),2,35
아파트전담 소포우편물 위탁배달 용역(세종우체국),2,35
서울강남우체국 아파트전담 소포우편물 위탁배달 용역,2,35
아파트전담 소포우편물 위탁배달 용역(서청주우체국),2,35
2026년도 우체국달력 디자인 기획 편집 용역,2,76
서울구로우체국(금천구 지역) 아파트전담 소포우편물 위탁배달용역,2,35
아파트전담 소포우편물 위탁배달 용역(부천),2,35
아파트전담 소포우편물 위탁배달 용역(성남),2,35
아파트전담 소포우편물 위탁배달 용역(청주우체국),2,35
아파트전담 소포우편물 위탁배달 용역(광명),2,35
아파트전담 소포우편물 위탁배달 용역(대전대덕우체국),2,35
서울송파우체국 아파트전담 소포우편물 위탁배달용역,2,35
부산강서우체국(지역1) 아파트전담 소포우편물 위탁배달 용역,2,35
2025년도 제1차 우정인재개발원 구내식당 식재료 단가계약(육류),1,19
2025년도 제1차 우정인재개발원 구내식당 식재료 단가계약(수산물 및 해초류),1,19
2025년도 제1차 우정인재개발원 구내식당 식재료 단가계약(공산품),1,19
사천우체국(지역2) 아파트전담 소포우편물 위탁배달 용역,2,35
사천우체국(지역1) 아파트전담 소포우편물 위탁배달 용역,2,35
2025년 테크콘(TechCon 2025) 행사 대행 용역(수의시담),1,69
경산우체국 소포우편물 아파트전담 위탁배달업체 용역 계약,2,35
2025년도 장기근속자 부부동반 제주연수,1,58
2025 브랜드기획전 미래동물 전시연출용역,1,69
2025년 테크콘(TechCon 2025) 행사 대행 용역,1,69
화순우체국 지역배송업체 소포우편물 위탁배달 용역,2,35
영광우체국 지역배송업체 소포우편물 위탁배달 용역,2,35
아파트전담 소포우편물 위탁배달 용역(서인천),2,35
영월지역배송업체 소포우편물 위탁배달 용역 ,2,35
2025년 문경우체국 소포우편물 지역배송업체 위탁배달 용역계약,2,35
"K사이언스 해외전시 연출, 조성 및 운영 용역",1,69
아파트전담 소포우편물 위탁배달 용역(인천남동),2,35
2026년 국가위성운영센터 직원식당 위탁운영,2,29
누리호 4차 발사 연계 교육  프로그램 기획 및 운영 용역,2,71
2025년도 한미 공공외교 포럼 기획 및 운영,1,69
글로벌 우주협력 포럼 대행,1,69
홍보물품 기획 및 제작(폴리에스터 소재),1,19
홍보물 제작,1,19
제6차 한-태평양도서국 외교장관회의 행사 대행,1,69
홍보물품 기획 및 제작(세라믹소재),1,19
홍보물품 기획 및 제작(실크소재),1,19
제12차 그린라운드테이블 운영 대행,1,69
2025글로벌 혁신을 위한 미래대화 위탁 운영,1,69
한-라오스 미래포럼 행사준비 및 개최 대행,1,69
2025 서울외교포럼 행사 준비 대행 업체 입찰,1,69
2025 한-아프리카 고위관리회의(SOM) 행사대행업체(PCO),1,69
제14기 글로벌 녹색성장 서포터즈 운영 대행,1,69
제13차 한-메콩 비즈니스 포럼 행사 대행 용역,1,69
「2025년 제7차 한-아세안 싱크탱크 전략대화」 행사 대행업체 입찰,1,69
제21차 한-중동 협력포럼 기획 및 운영,1,69
제10회 해양법 국제학술회의 운영,1,69
2025 푸른 하늘의 날 기념 제5회 월경성 대기오염 대응 국제 포럼,1,69
2025년도 부산 글로벌 파트너십 포럼 행사대행업체(PCO) 선정,1,69
홍보물품 기획 및 제작(스테인리스 소재),1,19
서울 중동문제 국제회의 기획 및 운영,1,69
2025 동아시아협력포럼 행사 운영 대행,1,69
2025년 교육기자재 해외 배송 대행 용역,1,40
2025년 한글학교 교육자료 지원사업 해외배송 대행,1,40
2025년 전통문화용품 해외 배송 대행 용역,1,40
대구출입국·외국인사무소 2026년 보호외국인급식 공급용역,2,9
2026년도 법무연수원 식자재 납품업체 선정,2,9
춘천출입국외국인사무소 2026년 보호외국인 급식공급 용역,2,9
2026년 제주출입국외국인청 출국대기실 입실자 급식용역계약 입찰 공고,2,9
밀양구치소 김치류 구매 입찰 공고,2,9
밀양구치소 공산품·수산물 구매 입찰 공고,2,9
밀양구치소  농산물·양곡 ·절임류 구매 입찰 공고,2,9
밀양구치소 축산물 구매 입찰 공고,2,9
충주구치소 급식용 농산물 구매 2단계(규격·가격 동시)입찰,2,9
충주구치소 급식용 축·수산물 구매 2단계(규격·가격 동시)입찰,2,9
충주구치소 급식용 공산품 구매 2단계(규격·가격 동시)입찰,2,9
서울남부구치소 급식용 김치류 11종 구매 입찰공고,2,9
서울동부구치소 급식용 공산품 구매입찰,2,9
부산교도소 직원 급식용 일반미 구매(소액수의) 견적 제출 입찰공고,2,9
서울구치소 급식용 양곡류 구매,2,9
"서울남부구치소 급식용 농산물 73종 구매2단계(규격,가격동시) 입찰공고",2,9
서울구치소 급식용 우유류 및 두유 구매,2,9
서울구치소 급식용 두부류 구매,2,9
서울구치소 급식용 절임류 구매,2,9
"부산교도소 급식용 수산물(가자미 등 53종) 구매 2단계(규격,가격 동시) 입찰 공고",2,9
부산교도소 급식용 농산물(감자 등 78종) 구매 2단계(규격·가격 동시) 입찰 공고,2,9
충주구치소 수용자 자비구매(과일류 9종) 구매 소액수의 견적제출,2,9
광주출입국외국인사무소 보호외국인 급식공급 계약,2,9
2026년 청주소년원 상반기 학생 급식물품 구매,2,9
"부산교도소 급식용 축산물(돼지고기 등 34종) 구매 2단계(규격,가격 동시) 입찰 공고",2,9
제주출입국외국인청 보호외국인 급식용 식자재(수산물) 단가계약 소액수의 견적제출 공고,2,9
제주출입국외국인청 보호외국인 급식용 식자재(축산품) 단가계약 소액수의 견적제출 공고,2,9
제주출입국외국인청 보호외국인 급식용 식자재(공산품) 단가계약 소액수의 견적제출 공고,2,9
제주출입국외국인청 보호외국인 급식용 식자재(농산물) 단가계약 소액수의 견적제출 공고,2,9
제주출입국외국인청 보호외국인 급식용 식자재(김치류) 단가계약 소액수의 견적제출 공고,2,9
안양교도소 급식용 공산품 221종 구매,2,9
2026년도 보호외국인 급식 공급 계약,2,9
2026년도 보호외국인 급식 공급업체 선정 계약,1,24
2026년 인천공항출입국·외국인청 출국대기실 물품(간편식-빵) 납품 계약,1,24
서울남부교도소 급식용 양곡류 구매,1,1
광주교도소 양곡류(일반쌀 등 6종) 구매 소액수의 견적제출,1,1
"안동교도소 급식용 식품(공산품) 2단계 구매(규격, 가격동시) 입찰공고",1,24
정읍교도소 급식용 농산물 구매 2단계 경쟁(규격가격동시)입찰공고,1,1
강릉교도소 직영작업장 비닐포장재 구매,1,46
부산교도소 생선묵 재료 구매 2단계 입찰 공고,1,24
안양교도소 김치류 10종 구매,1,19
창원교도소 급식용 농산물(가지 등 46종) 2단계 단가계약 구매 입찰공고,1,1
2025년 보호외국인 급식용 식자재(농수산물) 입찰,1,24
서울동부구치소 급식용 양곡류 구매 소액수의계약 견적제출 안내공고,1,1
청주교도소 급식용 공산품 구매 입찰 공고,1,24
국립법무병원 2026년 1분기 급식용 공산품 81종 구매(긴급),1,24
국립법무병원 2026년 1분기 급식용 김치류 5종 구매(긴급),1,19
국립법무병원 2026년 1분기 급식용 농산물 36종 구매(긴급),1,1
국립법무병원 2026년 1분기 급식용 축산물 14종 구매(긴급),1,1
"2026년도 청주외국인보호소 보호외국인용 식자재(빵, 두유, 주스) 구매 입찰",1,24
수원구치소 급식용 공산품(냉장) 구매 2단계 경쟁 입찰,1,24
2026년도 청주외국인보호소 급식용 식자재(축산물) 구매 입찰,1,1
강원북부교도소 2026년 급식용 공산품 구매 입찰 공고,1,24
목포교도소 급식용 농산물(감자 등 55종) 구매  2단계(규격/가격 동시) 입찰,1,1
목포교도소 급식용 수산물(가자미 등 85종) 구매 2단계 (규격/가격 동시) 입찰,1,1
목포교도소 급식용 축산물(돼지고기 등 24종) 구매 2단계(규격/가격 동시) 입찰,1,1
2025 서울구치소 수용자 자비부담 과일류 구매,1,1
광주교도소 급식용 축산물(돼지고기 등 32종) 구매,1,1
춘천교도소 급식용 농산물 구매 재입찰 ,1,1
제주교도소 급식용 김치류 입찰 공고,1,19
제주교도소 급식용 축산물류 구매 2단계[규격·가격동시] 입찰 공고,1,1
제주교도소 급식용 농산물류 구매 2단계[규격·가격동시] 입찰공고,1,1
"제주교도소 급식용 공산품류 구매 2단계[규격,가격동시] 입찰공고",1,24
"진주교도소 급식용 공산품 1차 구매 2단계(규격,가격동시) 입찰",1,24
충주구치소 수용자 자비구매(과일류 9종) 구매,1,1
거창구치소 급식용 농·공·수산물 구매 2단계[규격·가격동시] 입찰 공고,1,1
천안개방교도소 식자재(김치류) 구매입찰 공고,1,19
천안개방교도소 급식용 식자재(공산품 등) 구매 입찰 공고,1,24
거창구치소 급식용 축산물 구매 2단계[규격·가격동시] 입찰 공고,1,1
보호실 물품(도시락 등) 납품 업체 선정,1,24
강릉교도소 직영작업장 포장용 박스 구매,1,46
강릉교도소 직영작업장 진미채 구매,1,19
강릉교도소 직영작업장 육포 구매,1,19
강릉교도소 직영작업장 생산물품 운송 용역,1,40
정읍교도소 급식용 김치류(포기김치 등 9종) 구매 입찰공고,1,19
정읍교도소 급식용 공산품 구매 2단계 경쟁(규격가격동시) 입찰공고,1,24
정읍교도소 급식용 축산물 구매 2단계 경쟁(규격가격동시) 입찰공고,1,1
정읍교도소 급식용 수산물 구매 2단계 경쟁(규격가격동시)입찰공고,1,1
거창구치소 수용자 자비구매물품[과일류] 입찰 공고,1,1
경북북부교정시설 급식용 김치류(6종) 전자입찰 변경공고,1,19
경북북부교정시설 급식용 김치류(6종) 입찰,1,19
서울동부구치소 수용자 자비구매물품(과일류) 입찰 공고,1,1
광주소년원 직원식당 위탁사업 업체 선정,2,29
춘천교도소 급식용 공산품 구매 입찰,2,9
춘천교도소 급식용 농산물 구매 입찰 ,2,9
2026년 수용자 자비구매물품 과일류 입찰 공고,1,1
부산구치소 급식용 축산물(닭고기 등 39종) 구매 단가계약,2,9
화성직업훈련교도소 등 수용자 자비구매물품 과일류(7종) 입찰공고,1,1
2026년 국립법무병원 피치료감호자 자비구매 물품(과일류 11종) 구매 입찰 공고 (긴급),1,1
2026년 안양소년원 직원식당 위탁운영,2,29
"수원구치소 급식용 식품(공산품, 냉장) 구매 2단계 경쟁 입찰 ",2,9
울산구치소 부식물(축산물 34종) 구매 단가 계약,2,9
부산구치소 2026년도 상반기 수용자 자비구매물품(과일류 6종) 입찰,1,1
2026년도 홍성교도소 식자재(축산물) 구매 입찰,2,9
2026년도 홍성교도소 식자재(수산물) 구매 입찰,2,9
2026년도 홍성교도소 식자재(농산물) 구매 입찰,2,9
2026년도 홍성교도소 식자재(김치류) 구매 입찰,2,9
2026년도 상반기 홍성교도소 식자재(공산품) 구매 입찰,2,9
2026년도 홍성교도소  및 서산지소 수용자 자비구매물품(과일류) 입찰 변경 공고,1,1
2026년 부산소년원 직원식당 위탁 사업 ,2,29
인천구치소 2026년도 수용자 자비구매물품 과일류 7종 구매 ,1,1
대구구치소 급식용 양곡류 소액수의 전자견적 제출 공고,2,9
대구구치소 식자재(공산품) 구매2단계 입찰(규격 가격 동시) 공고,2,9
"급식용 공산품구매 2단계 경쟁(규격,가격동시) 입찰공고",2,9
2026년도 상반기 공주교도소 식품류(김치류) 구매 입찰 공고,2,9
2026년도 상반기 공주교도소 식품류(농수축산물) 구매 2단계(규격·가격 동시)입찰 공고,2,9
2026년도 상반기 공주교도소 식품류(공산품 등) 구매 2단계(규격·가격 동시)입찰 공고,2,9
포항교도소 수용자 자비구매물품(과일류) 입찰공고,1,1
"수원구치소 급식용 식품(공산품,  냉동, 양곡) 구매 2단계 경쟁 입찰",2,9
수원구치소 급식용 수산물 구매 2단계 경쟁 입찰,2,9
수원구치소 급식용 농산물 구매 2단계 경쟁 입찰,2,9
소망교도소 급식재료(축수산물)구매 입찰,2,9
법무부남부보라미어린이집 식자재 납품업체 선정,2,9
화성직업훈련교도소 급식용 공산품 구매,2,9
화성직업훈련교도소 급식용 냉동식품류 구매,2,9
2026년 수용자 자비구매물품(과일류)입찰,1,1
화성직업훈련교도소 급식용 축산물 구매,2,9
수용자 자비물품(과일류7종) 입찰 공고,1,1
소망교도소 급식재료(농산물) 구매 입찰 ,2,9
소망교도소 급식재료(농산물) 구매 입찰 공고,2,9
천안교도소 수용자 자비구매물품(과일류) 입찰 공고,1,1
화성직업훈련교도소 직원 및 수용자 급식용 김치류 구매,2,9
장흥교도소 급식용 농산물(가지 등 72종) 구매 입찰,2,9
장흥교도소 급식용 축산물(닭가슴살 등 30종) 구매 입찰  ,2,9
부산교도소 2026년도 수용자 자비구매물품[과일류 7종] 입찰 공고,1,1
흥교도소 급식용 수산물(냉동가오리 등 75종) 구매 입찰  ,2,9
경북북부교정시설 급식용 절임류(규격가격동시) 입찰,2,9
장흥교도소 급식용 공산품(가공유 등 347종) 구매 입찰 ,2,9
수용자 자비구매물품(과일류) 입찰공고,1,1
경북북부교정시설 급식용 공산품 구매 2단계(규격가격동시) 입찰 ,2,9
2026년 수용자 자비구매물품(과일류) 입찰 공고,1,1
의정부교도소 급식용 축산물 구매,2,9
장흥교도소 급식용 김치류 구매입찰,2,9
2026년 경북북부 5개 교정시설  수용자 자비구매물품[과일류8종]입찰공고,1,1
2026년도 통영구치소 수용자 자비구매물품(과일류)입찰 공고,1,1
창원교도소 수용자 자비구매물품(과일류) 구매 입찰공고,1,1
창원교도소  급식용 공산품(가스오부시 등 321종)  2단계 단가계약 입찰공고,2,9
창원교도소 급식용 축산물(닭고기 등 33종) 2단계 단가계약 입찰공고,2,9
대구구치소 수용자 자비구매물품(과일류) 입찰공고,1,1
의정부교도소 수용자 자비구매물품(과일류) 입찰 공고,1,1
2026년 순천교도소 등 수용자 자비구매물품(과일류) 입찰공고,1,1
2026년도 상반기 수용자 자비구매물품 과일류(6종) 입찰 공고,1,1
"천안교도소 급식용 공산품 2단계(규격, 가격 동시) 입찰 공고",2,9
천안교도소 생선묵 부재료 구입 입찰 공고,2,9
천안교도소 생선묵 주재료(냉동연육) 입찰,2,9
부산구치소 급식용 공산품 및 양곡 구매 2단계,2,9
군산교도소 급식용 김치류(배추김치 등 8종) 구매 입찰 공고,2,9
광주교도소 급식용 수산물(가오리채 등 65종) 구매,2,9
밀양구치소 수용자 자비구매물품(과일류) 입찰 공고,1,1
서울남부교도소 수용자 자비구매물품(과일) 입찰 공고,1,1
포항교도소 급식용 수산물 구매입찰,2,9
부산구치소 급식용 김치류(배추김치 등 13종) 구매 단가계약,2,9
2026년도 대구교도소 수용자 자비구매물품(과일류) 입찰 공고,1,1
전주교도소 급식용 축산물 구매2단계 입찰 공고,2,9
전주교도소 급식용 공산품 구매 2단계 입찰 공고,2,9
2026년도 수용자 자비구매물품(과일류) 입찰 공고,1,1
부산구치소 급식용 수산물(가자미 등 76종) 구매 2단계 단가계약,2,9
서울남부구치소 수용자 자비구매물품(과일류 7종) 구매,1,1
서울동부구치소 급식용 김치류 구매입찰,2,9
"김천소년교도소 부식물(공산물, 수산물) 구매계약 입찰 공고",2,9
경북북부제1교도소 급식용 공산품 구매 2단계(규격·가격 동시) 입찰 공고,2,9
울산구치소 부식물(수산물 및 절임류) 단가 계약,2,9
대전교도소 등 수용자 자비구매물품  과일류(10종)  입찰공고,1,1
"서울남부교도소 급식용 수산물 구매 2단계 경쟁(규격,가격동시) 입찰 공고",2,9
서울구치소 급식용 공산품 구매,2,9
안동교도소 급식용 식품(김치류) 구매 입찰 공고,2,9
2026년 출입국외국인지원센터 식자재 납품업체 선정,2,9
경북북부교정시설 급식용 축산물 구매 2단계 입찰 공고,2,9
의정부교도소 급식용 수산물 구매,2,9
의정부교도소  급식용 공산품 구매,2,9
목포교도소 급식용 배추김치(포기김치 등 2종) 구매입찰,2,9
여주교도소 급식용 공산품 구매 입찰 공고,2,9
여주교도소 급식용 냉동식품 구매입찰,2,9
대구교도소 식자재(절임·빵·라면류) 구매 2단계 입찰 공고,2,9
대구교도소 식자재(김치류) 구매 2단계 입찰 공고,2,9
대구교도소 식자재[유제품] 구매 2단계 입찰 공고,2,9
대구교도소 식자재[양곡류] 소액수의 견적제출 공고,2,9
대구교도소 식자재[수산물] 구매 2단계 입찰 공고,2,9
대구교도소 식자재[농산물] 구매 2단계 입찰 공고,2,9
서울동부구치소 급식용 두부류 구매입찰,2,9
"서울남부구치소 급식용 수산물 78종 구매 2단계(규격,가격동시) 입찰 공고",2,9
통영구치소 급식용(공산품)구매 입찰 공고,2,9
의정부교도소 급식용 김치류 구매,2,9
광주소년원 학생식당 부식 구매,2,9
의정부교도소 급식용 가공식품 구매,2,9
해남교도소 급식용 김치류 5종 구입공고,2,9
2026년도 수용자 자비구매물품 과일류(사과 등 9종) 입찰,2,9
광주교도소 급식용 농산물(가지 등 59종) 구매,2,9
포항교도소 급식용 공산품 구매 입찰,2,9
"군산교도소 급식용 공산품(간장 등 213종) 구매 관련 규격, 가격 동시 입찰 공고",2,9
군산교도소 급식용 축산물(식육류 등 26종) 구매 관련 규격 · 가격 동시 입찰 공고,2,9
"김천소년교도소 부식물(농산물, 양곡류) 구매계약 입찰 공고",2,9
김천소년교도소 부식물(김치류) 구매계약 입찰 공고,2,9
"김천소년교도소 부식물(공산품, 수산물) 구매계약 입찰 공고",2,9
"순천교도소 수산물 2단계 경쟁(규격,가격 동시) 입찰",2,9
"순천교도소 축산물 2단계 경쟁(규격,가격 동시) 입찰 공고",2,9
"순천교도소 농산물 2단계 경쟁(규격,가격 동시) 입찰",2,9
부산구치소 급식용 농산물(감자 등 70종) 구매 2단계,2,9
전주교도소 급식용 김치류(4종) 구매 입찰 공고,2,9
"서울남부구치소 급식용 공산품 387종 구매2단계(규격,가격동시)입찰 공고",2,9
군산교도소 급식용 수산물(가자미 등 52종) 구매 관련 규격 · 가격 동시 입찰 공고,2,9
서울동부구치소 급식용 절임류 구매입찰,2,9
군산교도소 급식용 농산물(감자 등 36종) 구매 관련 규격 · 가격 동시 입찰 공고,2,9
군산교도소 급식용 유제품(우유 등 10종) 구매 관련 2단계 경쟁 등의 입찰 공고,2,9
안동교도소 급식용 식품(축산물) 구매 2단계(규격ㆍ가격 동시) 입찰 공고,2,9
2025년 하반기 부산소년원 학생식당 부식 구매 건,2,9
진주교도소 급식용 김치류 2차 구매(적격심사 제한경쟁) 입찰,2,9
안동교도소 급식용 식품(수산물) 구매 2단계(규격ㆍ가격 동시) 입찰 공고,2,9
"안동교도소 급식용 식품(농산물) 2단계(규격, 가격 동시) 구매 입찰 공고",2,9
여주교도소 급식용 축산물 구매 입찰공고,2,9
목포교도소 공산품(간장 등 151종)  구매 2단계(규격/가격 동시) 입찰,2,9
춘천교도소 양곡(일반쌀) 구매 소액수의,2,9
인천구치소 급식용 공산품 구매 입찰 변경공고,2,9
공주교도소 장류작업장 수입산 건고추 구매 입찰 공고,2,9
경주교도소 급식용 축산물 구매(규격가격동시입찰) 규격,2,9
울산구치소 부식물(공산품 2차) 단가 계약,2,9
상주교도소 2025년 하반기 급식용 김치류 구매 입찰 공고,2,9
"상주교도소 2025년 하반기 급식용 축산물 구매 2단계(규격, 가격 동시) 입찰 공고",2,9
"상주교도소 2025년 하반기 급식용 수산물 구매 2단계(규격, 가격 동시) 입찰 공고",2,9
"상주교도소 2025년 하반기 급식용 농산물 구매 2단계(규격,  가격 동시) 입찰 공고",2,9
대구교도소 식자재[공산품(양념소스류)] 구매 2단계 입찰 공고,2,9
대구교도소 식자재(축산물) 구매 2단계 입찰 공고,2,9
대구교도소 식자재(농산물) 구매 2단계 입찰 공고,2,9
"상주교도소 2025년 하반기 급식용 공산품 구매  2단계(규격, 가격 동시) 입찰 공고",2,9
대구교도소 식자재[공산품(냉장냉동식품류)] 구매 2단계 입찰 공고,2,9
부산교도소 급식용 김치류(배추김치 등 9종) 구매 입찰,2,9
"서울남부교도소 급식용 축산물 구매 2단계경쟁(규격,가격)동시 입찰공고",2,9
국립법무병원 2025년 4분기 급식용 축산물 12종 구매(긴급),2,9
국립법무병원 2025년 4분기 급식용 농산물 40종 구매(긴급),2,9
국립법무병원 2025년 4분기 급식용 김치류 5종 구매(긴급),2,9
국립법무병원 2025년 4분기 급식용 공산품 92종 구매 (긴급),2,9
대구소년원 학생식당 부식 구매,2,9
경북북부제1교도소 급식용 축산물 구매 2단계(규격·가격 동시) 입찰 공고,2,9
경북북부제1교도소 급식용 농산물 구매 2단계(규격·가격 동시) 입찰 공고,2,9
수원구치소 급식용 김치류 10종 구매 입찰,2,9
"서울남부구치소 급식용 유제품류 5종 구매2단계(규격,가격동시)입찰 공고",2,9
경북북부교정기관 급식용 농산물 구매 2단계(규격/가격 동시) 입찰 공고,2,9
통영구치소 급식용(농수축산물)구매 입찰,2,9
2025년  부산소년원 하반기 학생식당 양곡 구매  건,2,9
통영구치소 급식용(김치류)구매 입찰,2,9
경북북부교정시설 급식용 양곡류 구매 입찰 공고,2,9
청주교도소 급식용 축산물 구매 입찰 공고,2,9
서울동부구치소 급식용 축산물 구매입찰,2,9
2025년도 전국 교정기관 비상식량(건빵) 구매,2,9
대구구치소 식자재[축산물] 구매 2단계 입찰[가격 규격 동시] 공고,2,9
대구구치소 식자재[농산물] 구매 2단계 입찰[규격 가격 동시] 공고,2,9
대구구치소 식자재[수산물] 구매 2단계 입찰[규격‧가격 동시] 공고,2,9
순천교도소  급식용 김치류  3종 구매 입찰 공고,2,9
서울소년원 학생식당 부식류(240종) 구매,2,9
광주교도소 급식용 공산품(가쓰오부시 등 117종) 구매,2,9
광주교도소 급식용 공산품(감자 등 95종) 구매,2,9
광주교도소 급식용 김치(포기김치 등 3종) 구매,2,9
경주교도소 자비구매물품(과일류)입찰 공고,1,19
"진주교도소 급식용 축산물 2차 구매(2단계, 규격 가격 동시) 입찰 공고",2,9
"진주교도소 급식용 공산품 4차 구매(규격,가격 동시) 입찰 공고",2,9
해남교도소 급식용 수산물 72종 구입공고,2,9
해남교도소 급식용 공산품 290종 구입공고,2,9
해남교도소 급식용 축산물 26종  구입공고,2,9
2026년도 수용자 자비구매물품 화장품류(8종) 입찰,1,21
2026년도 수용자 자비구매물품 다류 입찰,1,19
2026년도 수용자 자비구매물품 디카페인 커피 입찰,1,19
2026년도 수용자 자비구매물품 이온음료 입찰,1,19
2026년도 수용자 자비구매물품 소시지 입찰,1,19
2026년도 수용자 자비구매물품 초콜릿가공품(2종) 입찰,1,19
"2026년 수용자 자비구매물품 생활용품(치약,칫솔)입찰",1,19
2026년도 수용자 자비구매물품 멸균우유 입찰,1,19
2026년도 수용자 자비구매물품 참기름 입찰,1,19
2026년도 수용자 자비구매물품 사탕 입찰,1,19
2026년도 수용자 자비구매물품 생활용품(섬유유연제) 입찰,1,19
"2026년도 수용자 자비구매물품 생활용품(샴푸,린스,폼클렌징) 입찰",1,19
2026년도 수용자 자비구매물품 농후발효유 입찰,1,19
2026년도 수용자 자비구매물품 참치 입찰,1,19
2026년도 수용자 자비구매물품 탄산음료(2종) 입찰,1,19
2026년도 수용자 자비구매물품 두유 입찰,1,19
2026년도 수용자 자비구매물품 빵류 입찰,1,19
2026년도 수용자 자비구매물품 간장 입찰,1,19
2026년도 수용자 자비구매물품 커피류 3종 입찰,1,19
2026년도 수용자 자비구매물품 용기면류 입찰,1,19
"2026년도 수용자 자비구매물품 과자류(스낵,비스킷) 입찰",1,19
2026년도 수용자 자비구매물품 생수 입찰,1,19
"대전교도소 식자재(달걀)구매 2단계(규격, 가격 동시) 입찰 공고",2,9
"대전교도소 식자재(절임류)구매 2단계(규격, 가격 동시) 입찰 공고",2,9
"대전교도소 식자재(닭고기 등) 구매 2단계(규격, 가격 동시)입찰 공고",2,9
"대전교도소 식자재(축산물)구매 2단계(규격, 가격 동시) 입찰 공고",2,9
"대전교도소 식자재(수산물)구매 2단계(규격, 가격 동시) 입찰 공고",2,9
"부산구치소 급식용 절임류 구매 2단계(가격, 규격 동시) 단가 계약",2,9
2025 국제경쟁네트워크 카르텔 총회 행사 대행 ,1,69
울산구치소 부식물(수산물 2차) 단가 계약,2,9
"진주교도소 급식용 농산물 2차 구매(규격,가격 동시) 입찰공고",2,9
천안교도소 급식용 김치류 구매,2,9
경주교도소 부식물(농수산물)구매 2단계(규격가격동시)입찰공고,2,9
인천구치소 급식용 김치류 구매 입찰,2,9
인천구치소 급식용 농산물 구매 입찰,2,9
서울구치소 급식용 수산물 구매,2,9
서울구치소 급식용 농산물 구매,2,9
의정부교도소 급식용 농산물 구매,2,9
위탁소년 급식용 부식류 290종 구매,2,9
서울남부교도소 급식용 김치 구매 입찰 공고,2,9
"서울남부교도소 급식용 농산물 구매 2단계경쟁(규격,가격동시) 입찰 공고",2,9
공주교도소 장류생산용  소맥분 구매 소액수의 견적제출 안내 공고,2,9
안양소년원 학생식당 급식용 식자재 구매,2,9
서울구치소 급식용 김치류 구매,2,9
화성직업훈련교도소 급식용 수산물 구매,2,9
천안교도소 급식용 농산물 구매,2,9
창원교도소 급식용 우유(우유 등 10종) 2단계 단가계약 입찰공고,2,9
창원교도소 급식용 수산물(가자미 등 69종) 2단계 단가계약 입찰공고,2,9
창원교도소 급식용 공산품(가스오부시 등 317종) 2단계 단가계약 입찰공고,2,9
화성직업훈련교도소 급식용 농산물 구매,2,9
서울동부구치소 급식용 수산물 구매입찰,2,9
서울동부구치소 급식용 농산물 구매입찰,2,9
천안교도소 급식용 공산품 구매,2,9
경북북부교정시설 급식용 공산품 구매 2단계(규격가격동시) 입찰 공고,2,9
"순천교도소 급식용 식품(공산 및 가공품 213종)2단계 경쟁(규격,가격) 입찰",2,9
청주여자교도소 급식용 김치류 구매입찰 공고,2,9
청주여자교도소 급식용 수산물 구매 2단계(규격·가격 동시)입찰 공고,2,9
"청주여자교도소 급식용 농산물 구매 2단계(규격,가격 동시)입찰 공고",2,9
청주여자교도소 급식용 축산물 구매 2단계(규격·가격 동시)입찰 공고,2,9
청주여자교도소 급식용 유제품 구매 2단계(규격·가격 동시)입찰 공고,2,9
"청주여자교도소 급식용 공산품 구매 2단계(규격,가격 동시) 입찰",2,9
25년_하반기_대전교도소_논산지소_식자재(공산품 등)_입찰,2,9
청주교도소 급식용 농산물 구매 입찰 공고,2,9
"부산교도소 급식용 공산품(가래떡 등 222종) 구매 2단계(규격,가격동시) 입찰 공고",2,9
2025년 대전교도소 논산지소 김치류(8종) 구매 입찰 공고,2,9
청주교도소 급식용 김치류 구매 입찰 공고,2,9
영월교도소(대체복무교육센터 포함) 급식용 공산품(수산물 포함) 구매 입찰,2,9
김천소년교도소 부식물(축산물) 구매 계약,2,9
2025년 하반기 원주교도소 수용자 급식재료(농산물),2,9
수원구치소 평택지소 식자재(농수축산뭉 등) 구매 입찰,2,9
급식용 수산물 74종 구매,2,9
급식용 농산물 82종 구매,2,9
경주교도소 급식용 김치류 구매입찰 공고,2,9
"서울남부구치소 급식용 축산물47종 구매 2단계(규격,가격 동시) 입찰 공고",2,9
급식용 축산물 29종 및 달걀 구매,2,9
경북북부제1교도소 급식용 수산물 구매 2단계(규격·가격 동시) 입찰 공고,2,9
경북북부제1교도소 김치류 (배추김치 등 4종)구매 입찰공고,2,9
수원구치소 급식용 절임류 구매 2단계 경쟁 입찰,2,9
"서울남부구치소 급식용 절임류20종 구매 2단계(규격,가격동시) 입찰 공고",2,9
포항교도소 급식용 축산물 구매 입찰,2,9
포항교도소 급식용 농산물 구매입찰,2,9
포항교도소 급식용 공산품 구매입찰,2,9
"대전교도소 식자재(콩나물) 규격 가격 동시 입찰(변경, 긴급 공고)",2,9
2025년 하반기 원주교도소 수용자 급식재료 입찰공고(축산물),2,9
"경북북부교정시설 급식용 수산물 구매 2단계 입찰(규격, 가격 동시)",2,9
25년도 하반기 원주교도소 수용자 급식재료 입찰공고(공산품),2,9
수원구치소 급식용 축산물 구매2단계 경쟁 입찰,2,9
인천구치소 급식용 축산물 및 달걀 구매 입찰,2,9
경북북부교정시설  급식용 절임류 구매 2단계(규격가격 동시) 입찰 공고,2,9
인천구치소 급식용 수산물 구매 입찰,2,9
춘천소년원 직원식당 위탁운영(이동급식 가능),2,9
대전교도소 식자재(공산품) 규격 가격 동시 입찰,2,9
대전교도소 식자재(유제품) 규격  가격 동시 입찰,2,9
"대전교도소 식자재(뿌리채소) 규격, 가격 동시 입찰",2,9
"대전교도소 식자재(잎채소) 규격, 가격 동시 입찰",2,9
"대전교도소 식자재(건어물) 규격, 가격 동시 입찰",2,9
창원교도소 급식용 김치(배추김치 등 7종) 입찰공고,2,9
"전주교도소 급식용 수산,건어물 구매2단계 입찰 공고",2,9
청주교도소 급식용 수산물 구매 입찰 공고,2,9
전주교도소 급식용 공산품 구매2단계 입찰공고,2,9
전주교도소 급식용 농산물 구매2단계 입찰 공고,2,9
여주교도소 급식용 김치류 구매 입찰공고,2,9
여주교도소 급식용 수산물 구매 입찰공고,2,9
여주교도소 급식용 농산물 구매 입찰공고,2,9
2025년 하반기 밀양구치소 급식용 식자재(김치류) 구매 입찰 공고,2,9
2025년 하반기 밀양구치소 급식용 식자재(농산물 등) 구매 입찰 공고,2,9
2025년 하반기 밀양구치소 급식용 식자재(공산품 등) 구매 입찰 공고,2,9
보호외국인 급식용 식자재(축산품) 납품 계약 조달 입찰 공고,2,9
보호외국인 급식용 식자재(빵류) 납품 계약 조달 입찰 공고,2,9
보호외국인 급식용 식자재(농/수산물) 납품 계약 조달 입찰 공고,2,9
보호외국인 급식용 식자재(김치류) 납품 계약 조달 입찰 공고,2,9
보호외국인 급식용 식자재(공산품) 납품 계약 조달 입찰 공고,2,9
"서울남부구치소 급식용 농산물 80종 구매2단계(규격,가격동시) 입찰공고",2,9
부산교도소 급식용 농산물 구매 2단계(규격·가격 동시) 입찰 공고,2,9
"경북북부교정시설 급식용 축산물 구매 2단계(규격, 가격 동시) 입찰 공고",2,9
부산교도소 급식용 수산물 구매 2단계[규격가격동시] 입찰공고,2,9
부산교도소 급식용 축산물 구매 2단계[규격가격동시] 입찰공고,2,9
수원구치소 급식용 유제품 구매 2단계 경쟁 입찰 공고,2,9
국립법무병원 2025년 3분기 급식용 농산물 34종 구매(긴급),2,9
국립법무병원 2025년 3분기 급식용 공산품 99종 구매(긴급),2,9
국립법무병원 2025년 3분기 급식용 축산물 12종 구매(긴급),2,9
국립법무병원 2025년 3분기 급식용 김치류 6종 구매(긴급),2,9
급식용 공산품 223종 구매,2,9
서울남부구치소 급식용 김치류 10종 구매 입찰공고,2,9
대전소년원 학생식당 급식용 식자재 구매,2,9
공주교도소 장류작업장 수입산 건고추 구매 입찰 공고 ,1,19
절임류 13종 구매,1,19
창원교도소 급식용 농산물(가지등 46종),2,9
2025년 화성외국인보호소 급식용 축산물 구매,2,9
서울구치소 급식용 축산물 구매,2,9
정읍교도소 급식용 수산물 구매 2단계 경쟁(규격가격동시) 입찰공고,2,9
제주교도소 급식용 축산물류 입찰 공고 품목,2,9
제주교도소 급식용 수산물류 입찰 공고 ,2,9
제주교도소 급식용 농산물류 입찰 공고 품목,2,9
제주교도소 급식용 공산품류 구매 2단계(규격/가격 동시) 입찰 공고,2,9
부산구치소 급식용 부식물(닭고기 등 39종) 구매 단가계약,2,9
2025년 하반기 강원북부교도소 급식용 수산품 구매 입찰,2,9
2025년 하반기 강원북부교도소 급식용 농산품 구매 입찰,2,9
2025년 하반기 강원북부교도소 급식용 김치류 구매 입찰,2,9
2025년 하반기 강원북부교도소 급식용 축산품 구매 입찰,2,9
2025년 하반기 강원북부교도소 급식용 공산품 구매 입찰,2,9
김치류 10종 구매,1,19
급식용 공산품 223종 구매 입찰,2,9
"진주교도소 급식용 공산품 3차 구매(규격,가격 동시) 입찰공고",2,9
춘천교도소 급식용 농산물 구매 입찰,2,9
냉동식품 및 양곡류 106종 구매 입찰,1,19
정읍교도소 급식용 농산물 구매 2단계 경쟁(규격가격동시) 입찰공고,2,9
장흥교도소 급식용 김치류 (막김치 등 7종) 구매 입찰 공고,2,9
2025년 청주소년원 하반기 학생 급식물품 구매,2,9
목포교도소 급식용 수산물(가자미 등 85종) 구매,2,9
목포교도소 급식용 농산물(감자 등 55종) 구매,2,9
울산구치소 부식물(축산물 31종) 구매 단가 계약,2,9
강릉교도소 직영 작업장 육포 구매,1,19
"서울남부교도소 급식용 공산품구매 2단계 경쟁(규격,가격동시) 입찰 공고",2,9
2025년도 하반기 홍성교도소 식자재(공산품) 구매 입찰 공고,2,9
대전소년원 학생식당 급식용 양곡(백미) 구매,2,9
부산구치소 2025년도 하반기 수용자 자비구매물품(과일류 6종) 구매 단가계약,1,19
2025년도 하반기 공주교도소 식품류(김치류) 구매 입찰 공고,2,9
2025년도 하반기 공주교도소  식품류(공산품 등) 구매  2단계(규격·가격 동시)입찰 공고,2,9
2025년도 하반기 공주교도소  식품류(농수축산물) 구매  2단계(규격·가격 동시)입찰 공고,2,9
장흥교도소 급식용 축산물 (닭가슴살 등 29종) 구매 입찰 공고,2,9
장흥교도소 급식용 수산물 (냉동가오리 등 72종) 구매 입찰 공고,2,9
장흥교도소 급식용 공산품 (가공유 등 344종) 구매 입찰 공고,2,9
수원구치소 급식용 공산품(냉동) 구매,2,9
수원구치소 급식용 공산품(냉장) 구매,2,9
대구교도소 식자재(김치류) 구매 입찰 공고,2,9
2025년 하반기 수용자 자비구매물품 과일류(6종) 입찰 공고,1,19
수원구치소 급식용 수산물 구매 2단계 경쟁 입찰 공고,2,9
수원구치소 급식용 농산물 구매 2단계 경쟁 입찰 공고,2,9
경북북부교정시설 급식용 공산품 구매 2단계(규격 가격 동시) 입찰 공고,2,9
경북북부교정시설 급식용 김치류(7종) 전자입찰 공고,2,9
서울남부구치소 직원 급식용 양곡 소액수의 견적제출 안내공고,2,9
창원교도소 급식용 공산품(가스오부시 등 315종) 2단계 단가계약 입찰공고,2,9
춘천소년원 학생식당 식재료 구입 입찰,2,9
창원교도소 급식용 축산물(닭고기 등 23종) 2단계 단가게약 입찰공고,2,9
천안교도소 급식용 공산품 구매 2단계 입찰공고,2,9
2025 제43차 APCCA행사 대행 PCO,1,69
국립법무병원 급식용 양곡 2종 구매 입찰 공고(긴급),2,9
전주교도소 급식용 축산물 구매 2단계 입찰 공고,2,9
부산구치소 급식용 수산물(가자미 등 70종) 구매 2단계 단가계약,2,9
충주구치소 급식용 김치류 구매,2,9
김천소년교도소 부식물(김치류) 구매계약,2,9
2025년 전주소년원 학생식당 부식류 구매,2,9
의정부교도소 급식용 공산품 구매,1,24
통영구치소 급식용 공산품 구매 입찰 공고,1,24
공주교도소 장류제품  택배운송용역 소액수의 견적제출 안내 공고,2,35
경주교도소 급식용 공산품 구매 입찰공고,1,24
"서울남부교도소 급식용 수산물 구매 2단계(규격,가격동시) 입찰 공고",1,24
순천교도소 축산물 2단계 경쟁(규격.가격 동시) 입찰 ,1,24
"순천교도소 수산물 2단계 경쟁(규격, 가격 동시) 입찰",1,24
목포교도소  급식용 배치김치(포기김치 등 2종),1,24
"서울남부구치소 급식용 수산물 73종 구매 2단계(규격,가격동시) 입찰 공고",1,24
대전교도소 식자재(김치류) 구입 입찰 공고(긴급),1,24
"김천소년교도소 부식물(농산물, 양곡류) 구매계약",1,1
"김천소년교도소 부식물(공산물, 수산물) 구매계약",1,24
진주교도소 급식용 김치류 1차 구매(적격심사 제한경쟁) 입찰,1,24
군산교도소 급식용 수산물(가자미 등 48종) 구매 관련 규격 · 가격 동시 입찰 공고,1,24
"거창구치소 급식용 농공수산물 구매 2단계[가격, 규격동시] 입찰공고",1,24
거창구치소 급식용 축산물 구매 2단계(규격·가격 동시) 입찰 공고,1,24
2025년 상반기 부산소년원 학생식당 부식구매 건,1,24
2025년도 국립법무병원 직원식당 위탁운영 용역 입찰,2,29
2025년 보호외국인 급식용 공산품 구매,1,24
군산교도소 급식용 공산품(간장 등 213종) 구매 관련 규격 · 가격 동시 입찰 공고,1,24
강릉교도소 급식용 축산류 구매 입찰,1,24
강릉교도소 급식용 수산물 구매 입찰 ,1,24
강릉교도소 급식용(농산물) 구매 입찰,1,1
강릉교도소 급식용 공산품 구매 입찰,1,24
목포교도소 급식용 공산품(간장 등 151종),1,24
목포교도소  급식용 배치김치(포기김치 등 2종) 구매,1,24
여주교도소 급식용 공산품 구매 입찰공고,1,24
여주교도소 급식용 냉동식품 구매 입찰공고,1,24
전주교도소 급식용 유제품 구매 2단계 입찰 공고,1,24
부산구치소 급식용 농산물(감자 등 77종) 구매 2단계,1,1
울산구치소 부식물(김치류 7종) 구매단가 계약 입찰 공고,1,24
충주구치소 급식용 축·수산물 구매 2단계(규격·가격 동시)입찰 ,1,24
충주구치소 급식용 농산물 구매 2단계(규격·가격 동시)입찰 ,1,1
충주구치소 급식용 공산품 구매 2단계(규격·가격 동시)입찰 ,1,24
"2025년 상주교도소 급식용 수산물(규격,가격동시) 입찰 공고",1,24
"2025년 상주교도소 급식용 축산물 구매 2단계(규격,가격동시) 입찰 공고",1,24
2025년 상주교도소 급식용 김치류 구매 입찰 공고,1,24
"2025년 상주교도소 급식용 공산품 구매 2단계(규격,가격동시) 입찰 공고",1,24
"2025년 상주교도소 급식용 농산물 구매 2단계(규격,가격동시) 입찰 공고",2,9
국립법무병원 2025년 2분기 급식용 농산물 38종 구매,2,9
"서울남부구치소 급식용 공산품 413종 구매2단계(규격,가격동시)입찰 공고",2,9
서울남부교도소 급식용 축산물 2단계 경쟁(규격가격동시) 입찰 공고,2,9
경북북부교정시설 급식용 절임류 구매 2단계(규격가격동시) 입찰 공고,2,9
청주교도소 급식용 공산품 구매 입찰 공고(긴급),2,9
통영구치소 급식용(김치류) 구매 입찰,2,9
인천구치소 급식용 공산품 227종 구매 입찰공고,2,9
국립법무병원 2025년 2분기 급식용 농산물 38종 구매(긴급),2,9
"경북북부교정시설 급식용 양곡류 구매 2단계 입찰 공고(규격, 가격동시)",2,9
화성직업훈련교도소 공산품 구매,2,9
광주교도소 화물운송용역 소액수의 견적제출 안내 입찰공고,2,34
"경주교도소 급식용 축산물 구매 2단계(규격,가격동시) 입찰공고",2,9
창원교도소 직원급식용 양곡류(일반미 등 4종) 구매 입찰 공고,2,9
"대전교도소 식자재(수산물류)2단계(규격, 가격동시) 입찰",2,9
2025년 보호외국인 급식용 김치류 입찰,2,9
"대전교도소 식자재(절임류)2단계(규격, 가격동시) 입찰",2,9
"대전교도소 식자재(축산물)2단계(규격, 가격동시)입찰",2,9
"대전교도소 식자재(닭고기)2단계(규격, 가격동시) 입찰",2,9
국립법무병원 2025년 2분기 급식용 축산물 13종 구매(긴급),2,9
국립법무병원 2025년 2분기 급식용 김치류 5종 구매(긴급),2,9
국립법무병원 2025년 2분기 급식용 공산품 83종 구매(긴급),2,9
수원구치소 급식용 김치류 구매 입찰,2,9
"진주교도소 급식용 축산물 1차 구매(2단계, 규격 가격 동시) 입찰 공고",2,9
부산교도소 급식용 김치류(배추김치 등 9종) 구매 입찰 공고,2,9
"진주교도소 급식용 수산물 구매 2단계(규격, 가격 동시) 입찰 공고",2,9
"진주교도소 급식용 공산품 2차 구매(규격, 가격 동시) 입찰공고",2,9
공주교도소 장류생산용 한식된장 구매 소액수의 견적제출 안내공고 ,2,9
해남교도소 급식용 공산품 279종 구입 공고,2,9
해남교도소 급식용 축산물  26종 구입 공고,2,9
해남교도소 급식용 농산물 84종 구입 공고,2,9
2025년 상반기  부산소년원 양곡 구매 건 ,2,9
대구구치소 식자재[절임식품] 구매 2단계 입찰[규격 가격 동시] 공고,2,9
2025년도 국립법무병원 직원식당 위탁운영 용역 입찰(긴급),2,29
울산구치소 부식물(수산물 1차) 단가 계약,2,9
2025년 법교육 콘텐츠 제작,2,75
춘천교도소 급식용 축산물(닭고기 등 9종) 구매 입찰 공고,2,9
춘천교도소 급식용 축산물(돼지고기 등 13종) 구매 입찰 공고,2,9
울산구치소 부식물(농산물) 단가 계약,2,9
경북북부교정시설 급식용 축산물 구매 2단계(규격 가격 동시) 입찰 공고,2,9
춘천교도소 급식용 수산물(54종) 구매 입찰 공고,2,9
춘천교도소 급식용 김치류(11종) 구매 입찰 공고,2,9
공주교도소 장류생산용 탈지대두분 구매 소액수의 견적제출 안내공고,2,9
대구구치소 식자재[수산물] 구매  2단계 입찰[규격‧가격 동시] 공고,2,9
대구구치소 식자재[수산물] 구매 2단계 입찰[규격 가격 동시] 공고,2,9
부산구치소 급식용 부식물(콩나물 등 3종) 구매 단가계약,2,9
영월교도소 김치류 구입 입찰,2,9
서울남부교도소 급식용 김치 구매 입찰,2,9
"서울남부교도소 급식용 농산물구매 2단계경쟁(규격,가격동시) 입찰공고",2,9
"서울남부교도소 급식용 유제품구매 2단계경쟁(규격,가격동시) 입찰공고",2,9
서울구치소  급식용 수산물 구매,2,9
제18회 세계인의 날 기념식 및 홍보대행 용역,1,56
공주교도소 장류생산용 수입산 건고추 구매 입찰 공고,2,9
인천구치소 급식용 농산품 34종 구매 입찰,2,9
25년_상반기_대전교도소_논산지소_식자재(공산품)등_입찰,2,9
수원구치소 평택지소 식자재(농수축산물 등) 구매 입찰,2,9
인천구치소 급식용 김치류 10종 구매 입찰,2,9
수원구치소 평택지소 식자재(김치류 5종) 구매 입찰,2,9
부산교도소 급식용 공산품(가래떡 등 216종) 구매 2단계(규격가격동시) 입찰공고,2,9
창원교도소 급식용 우유류(우유등 9종) 2단계 단가계약 입찰공고,2,9
창원교도소 급식용 축산물(닭고기 등 23종)  2단계 단가계약 입찰공고,2,9
창원교도소 급식용 수산물(가자미 등 51종) 2단계 단가계약 입찰공고,2,9
창원교도소 급식용 공산품(가스오부시 등 256종) 2단계 단가계약 입찰공고,2,9
"경주교도소 부식물(농수산물)구매 2단계 [규격,가격 동시]입찰공고",2,9
김천소년교도소 부식물(축산물) 구매계약,2,9
진주교도소 급식용 농산물 구입 계약 (25년 1차),2,9
영월교도소 급식용 축산물 구입 입찰,2,9
영월교도소 급식용 농산물 구입 입찰,2,9
"영월교도소(대체복무교육센터 포함) 공산품, 수산물 입찰",2,9
대구구치소 급식용 유제품 소액수의 전자견적 제출 공고,2,9
경북북부교정시설 급식용 공산품 구매 2단계(규격.가격 동시) 입찰 공고,2,9
"천안교도소 급식용 축산물 구매 2단계(규격, 가격 동시) 입찰 공고",2,9
"천안교도소 급식용 농산물 구매 2단계(가격, 규격 동시) 입찰 공고",2,9
"천안교도소 급식용 수산물 구매 2단계(규격, 가격 동시) 입찰 공고",2,9
"천안교도소 급식용 공산품 구매 2단계(규격, 가격 동시) 입찰 공고",2,9
천안교도소 급식용 김치류 입찰 공고,2,9
급식용 우유류 10종 구매 입찰,1,24
부산구치소 급식용 부식물(배추김치 등 13종) 구매 단가계약,1,24
부산구치소 급식용 부식물(공산품) 및 양곡 구매 2단계,1,24
부산교도소 종이포장박스 구매 입찰 공고,1,46
급식용 농산물 68종 구매 입찰,1,24
경북북부교정시설 급식용 농산물 구매 2단계(규격/가격 동시) 입찰 공고,1,24
인천구치소 급식용 수산물 70종,1,24
급식용 축산물 38종 및 달걀 구매 입찰,1,24
인천구치소 급식용 축산물 27종 및 달걀 구매 공고,1,24
급식용 수산물 88종 구매 입찰,1,24
"서울남부구치소 급식용 축산물 46종 구매2단계(규격,가격동시) 입찰 공고",1,24
"포항교도소 급식용 공산품 구매입찰(규격, 가격 동시 입찰)",1,24
"포항교도소 급식용 축산물 구매 입찰(규격,가격 동시 입찰)",1,24
2025년 2월~2026년 1월 제주소년원 학생급식 부식류 구매,2,9
창원교도소 급식용 김치류(배추김치 등 7종) 구매 입찰공고,1,24
광주교도소 급식용 공산품(가쓰오부시 등 117종) 구,1,24
"서울남부구치소 급식용 절임류 20종 구매2단계(규격,가격동시) 입찰 공고",1,24
25년도 원주교도소 급식용 수산물 구매 입찰 공고,1,24
25년도 상반기 원주교도소 급식용 농산물 구매 입찰 공고,1,24
25년도 상반기 원주교도소 급식용 공산품 구매 입찰 공고,1,24
2025년도 원주교도소 급식용 김치류 구매 입찰 공고,1,24
25년도 상반기 원주교도소 급식용 축산물 구매 입찰 공고,1,24
2025년도 수용자 자비구매물품 참치 입찰,1,24
경주교도소 김치류(4종) 구매입찰,1,24
전주교도소 급식용 농산물 구매 2단계 공고,1,24
부산교도소 급식용 절임류(간장고추지 등 20종) 구매 2단계[규격․가격 동시] 입찰 공고,1,24
"부산교도소 급식용 우유류(우유 등 12종) 구매 2단계[규격,가격동시] 입찰공고",1,24
수원구치소 급식용 축산물 구매 2단계 경쟁 입찰,1,24
부산구치소 급식용 부식물(감자 등 77종) 구매 2단계,1,24
"대전교도소 식자재(공산품 부재료) 규격, 가격 동시 입찰",1,24
"대전교도소 식자재(공산품 주재료) 규격, 가격 동시 입찰",1,24
대전교도소 식자재(김치류) 구매 입찰,1,24
경북북부교정시설 급식용 수산물 구매 2단계(규격 가격 동시) 입찰 공고,1,24
청주교도소 급식용 김치류 구매 입찰 공고(긴급),1,24
청주교도소 급식용 축산물 구매 입찰 공고(긴급),1,24
2025년 밀양구치소 급식용 식자재(축산물) 구매 입찰 공고,1,24
2025년 상반기 밀양구치소 급식용 식자재(김치류) 구매 입찰 공고,1,24
2025년 상반기 밀양구치소 급식용 식자재(농산물+양곡+절임류) 구매 입찰 공고,1,24
2025년 상반기 밀양구치소 급식용 식자재(공산품+수산물) 구매 입찰 공고,1,24
여주교도소 급식용 절임류 구매 입찰공고,1,24
부산교도소 택배 운송용역 입찰 공고,2,35
여주교도소 급식용 유제품류 구매 입찰공고,1,24
원주교도소 내의류 택배 운송용역 입찰 공고,2,35
서울서부지방검찰청 구내식당 (위탁운영자) 선정 모집공고,2,29
수원지방검찰청 안산지청 구내식당 위탁운영자 ,2,29
의정부지방검찰청 고양지청 구내식당 위탁운영자 모집공고,2,29
전주지방검찰청 군산지청 구내식당 위탁 운영자 선정모집공고,2,29
"2025년 전투식량(특전-22형, 10식단) 제조",1,19
"2025년 전투식량(특전-22형, 9식단) 제조",1,19
"2025년 전투식량(특전-22형, 8식단) 제조",1,19
"2025년 전투식량(특전-22형, 7식단) 제조",1,19
"2025년 전투식량(특전-22형, 6식단) 제조",1,19
"2025년 전투식량(특전-22형, 5식단) 제조",1,19
"2025년 전투식량(특전-22형, 4식단) 제조",1,19
"2025년 전투식량(특전-22형, 3식단) 제조",1,19
"2025년 전투식량(특전-22형, 2식단) 제조",1,19
"2025년 전투식량(특전-22형, 1식단) 제조",1,19
"2025년 전투식량(복원-22형, 12식단) 제조",1,19
"2025년 전투식량(복원-22형, 11식단) 제조",1,19
"2025년 전투식량(복원-22형, 10식단) 제조",1,19
"2025년 전투식량(복원-22형, 9식단) 제조",1,19
"2025년 전투식량(복원-22형, 8식단) 제조",1,19
"2025년 전투식량(복원-22형, 7식단) 제조",1,19
"2025년 전투식량(복원-22형, 6식단) 제조",1,19
"2025년 전투식량(복원-22형, 5식단) 제조",1,19
"2025년 전투식량(복원-22형, 4식단) 제조",1,19
"2025년 전투식량(복원-22형, 3식단) 제조",1,19
"2025년 전투식량(복원-22형, 2식단) 제조",1,19
"2025년 전투식량(복원-22형, 1식단) 제조",1,19
(24G323-I) 국외영주권자 등 병사 주거래여행사 용역,1,57
2025년도 사회복무대상 시상식 용역 계약 의뢰,1,69
2025년도 현역병 모범병사 초청 격려행사 용역,1,69
2025년 온라인 보충역 산업기능요원 채용박람회 행사대행,1,69
2025년 현역병 입영문화제 특별행사 용역,1,69
2026년 서울청사 소모성 청소용품 구매,1,19
2026년 정부포상 부상용 손목시계 1차 구매,1,19
"2025년 정부연말선물 구매(햄, 참치세트)",1,19
2025년 정부연말선물 구매(생활용품세트),1,19
2025년 정부연말선물 구매(쌀선물세트),1,19
제107주년 3·1절 기념식 행사 대행,1,69
2026 신년인사회 행사 대행,1,69
제20회 대한민국 자원봉사대상 시상식 및 2026년 세계 자원봉사자의 해 비전 선포식 행사 운영,1,69
2025년 대한민국 우수공무원 포상식 행사 용역,1,69
2025년 대한민국 안전 가족 격려행사 기획 운영,1,69
2025 지방시대엑스포 행사대행 용역의뢰,1,69
제5회 대한민국 착한기부대상 시상식,1,69
2025년 민주주의 콘텐츠 개발,2,75
민주화운동기념관 공연예술 프로그램 제작 대행 사업,2,75
2025년 민주화운동기념관 시민참여프로그램 민주인권 영화제,1,69
2025년 지방규제혁신 우수사례 경진대회 행사운영 대행 용역,1,69
"(기록협력과)2025년 EASTICA 정기총회 및 제4회 국제기록관리포럼 개최,운영 대행 용역",1,69
K민주주의 태국어 콘텐츠 제작 및 현지 세미나 개최,2,75
"2025년 EASTICA 정기총회 및 제4회 국제기록관리포럼 개최,운영 대행 용역",1,69
제15기 국민추천포상 수여식 행사 용역,1,69
2025 세계민주주의의날 기념 국제심포지엄 용역,1,69
2025 세계민주주의의날 기념 국제콘서트 행사대행,1,69
[수의시담] 제24회 국제방재협력세미나 행사 운영,1,69
2025 민주화운동기념관 특별전 연출 및 전시물 제작,1,69
2025 자유민주 마라톤 운영 대행 용역,1,69
2025년 아세안  재난관리 공무원 국내 초청연수 사업,1,69
안전보안관 활동 우수사례 경진대회 기획 운영,1,69
2025년 생활공감정책 참여단 중앙연찬회 행사위탁,1,69
제24회 국제방재협력세미나 행사 운영,1,69
제43회 대통령기 이북도민 체육대회 행사대행 용역,1,69
지방자치인재개발원 개원 60주년 기념행사 용역,1,69
제3회 고향사랑의 날 및 박람회 행사 대행 ,1,69
2025년 대통령기록관 기획전시 연출 용역 사업,1,69
제16회 청소년사회참여발표대회 본선대회 운영,1,69
제21대 대통령 취임행사 대행,1,69
민선 지방자치 30주년 기념사업 행사 대행용역,1,69
579돌 한글날 경축식 행사 대행,1,69
제4357주년 개천절 경축식 행사 대행,1,69
2025년도 리저널 심포지엄 행사 운영대행 용역,1,69
인구감소지역 대응을 위한 컨설팅 지원 용역,2,54
2025 정부혁신 왕중왕전(경진대회) 행사 운영 대행,1,69
「2025 대한민국 정부 박람회」 행사 대행 용역,1,69
제38주년 6.10민주항쟁 기념식 및 개관식 개최 대행,1,69
2025 주한외교사절 대상 재난안전 정책설명회 행사대행 용역,1,69
나라사랑 태극기 달기 영상 제작,2,75
안전취약계층 안전 개선 디자인 개발(Ⅱ),2,76
2025년 기록의 날 기념 행사 대행 용역,1,69
2025년 기록관리교육센터 교육생 셔틀버스 임차용역,2,67
2025년 사이버교육 콘텐츠 제작 사업,2,75
2025년 지진안전 홍보사업(긴급입찰),1,56
2025년 생애주기별 안전교육 콘텐츠 개발 사업,2,75
2025년 공공서비스디자인 사업운영 및 과제 지원체계 구축 연구용역,2,76
제9회 대한민국 국가상징 디자인 공모전 용역,2,76
2025년 재난안전기업 통합한국관 운영 사업,1,69
2025년 재난대비훈련 홍보 대행 사업,1,56
제15기 국민추천포상 홍보 용역,1,56
2025년 재난안전기업 사업화 역량강화 컨설팅 지원사업,2,54
2026년 강릉경찰서폴키즈어린이집 식자재 납품업체 입찰공고,1,19
삼척경찰서어린이집 2026학년도 식자재 납품업체 선정 입찰 공고,1,19
2026년도 경비함정 주·부식 공급 단가계약,1,24
2026년도 서해5도특별경비단 경비함정 주부식 납품업체 선정,1,24
부산경찰청어린이집 식자제납품업체 선정,1,19
2026년 함정 주부식 납품업체 선정 공고,1,19
원주경찰서어린이집 식자재 납품업체 입찰 공고,1,19
2026년 사하경찰서 어린이집 식자재 납품업체 선정 입찰공고,1,19
양산경찰서어린이집 식자재납품업체 선정공고,1,19
인천삼산경찰서어린이집 식자재납품업체 선정공고,1,19
용인서부경찰서어린이집 식자재 납품업체 선정 입찰 공고,1,19
일산서부경찰서 어린이집 식자재업체 입찰공고,1,24
2026년 경찰병원 장례식장 주류 구매,2,20
"2026년 경찰병원 장례식장 잡화,안주류 구매",1,19
2026년 경찰병원 장례식장 음료류 구매,1,19
2026년 경찰병원 장례식장 과일류 구매,1,1
평택해양경찰서 2026년도 경비함정 주부식 납품업체 선정 공고(협상에 의한 계약),1,19
경찰대학 구내식당 관리위탁 용역,2,29
2026년 목포해양경찰서 경비함정 주부식 납품업체 선정 공고,1,19
2026-2027년 경찰인재개발원 및 수사연수원 구내식당 급식위탁관리용역 입찰 공고,2,9
2026년 울산해양경찰서 함정 주부식 공급업체 선정건,1,19
25년 동해해양경찰서 경비함정 주부식 납품업체 선정,1,19
2025년도 제주해양경찰서 경비함정 주·부식 납품 단가계약,1,19
나라키움 대전통합청사 구내식당 위탁 용역  공고,2,29
나라키움 대전 통합청사 구내식당 위탁운영  ,2,29
2025~2026년 포항해양경찰서 경비함정 주부식 납품업체 선정,1,19
25~26년 속초해양경찰서 경비함정 통합 주부식 납품업체 선정,1,19
2025년 강원경찰청어린이집 식자재  공급 업체 입찰 공고,1,19
2025년 전투비상식량 구매,2,9
장례식장 식당 위탁운영(2025~2027),2,29
2025년 인천해양경찰서 경비함정 주부식 납품업체 선정,1,19
2025년 생일 축하 상품권 구매,1,81
25년 경찰청 SNS 채널 운영,1,56
2025년 경찰청 산업기술보호 홍보 영상 제작,2,75
2025년 충남경찰청어린이집 식자재 납품업체 선정 입찰 공고,1,24
2025년 동두천경찰서어린이집 식자재납품업체 선정 입찰공고,1,24
양주경찰서어린이집 2025년 식자재 납품업체 선정,1,24
순천경찰서어린이집 2025학년도 식자재 납품업체 선정 입찰공고,1,24
울산경찰청어린이집 친환경 급식재료 납품업체 선정,1,24
인천서부경찰서어린이집 2025년도 식자재납품업체 선정 입찰공고,1,24
2025년 남양주남부 경찰서어린이집 식자재 납품업체 선정 입찰공고,1,24
연수경찰서어린이집 영유아아이들 식자재 납품업체 선정 신선하고 안전한 식재료 급식 간식 식자재 납품업체를 아래와 같이 공개 모집하오니 계약 체결의사가 있는 업체의 많은 참여바랍니다,1,24
대구남부경찰서어린이집 2025년 식자재납품업체 선정,1,24
천안동남경찰서어린이집 2025년 식자재 납품업체 선정,1,24
구리경찰서 어린이집 식자재 납품업체 선정 입찰공고,1,24
2025년 안산상록경찰서어린이집 식자재납품업체 입찰공고,1,24
2024년 울산북부경찰서어린이집 식자재 납품 업체 선정 입찰 공고,1,24
2025년 대구강북경찰서어린이집 식자재 납품업체 선정입찰공고,1,24
2025년도 목포경찰서어린이집 식자재 납품업체 선정 입찰공고,1,24
김해서부경찰서어린이집 2025학년도 식자재납품 업체선정 입찰공고,1,24
제천경찰서 어린이집 2025학년도 식자재납품업체선정입찰공고,1,24
2025년 여수경찰서어린이집 식자재 납품업체 선정 입찰 공고,1,24
울산동부경찰서어린이집 2025학년도 식자재납품업체 선정 공고,1,24
경기남부경찰청어린이집식자재납품업체 선정 공고,1,24
2025년도 경찰청어린이집 식자재납품업체선정 입찰공고,1,24
2025년 군포경찰서 어린이집 식자재 납품업체 선정공고,1,24
25년 성남중원경찰서어린이집 식자재 납품업체 선정공고,1,24
2025년 수원남부경찰서어린이집 식자재 납품 업체 선정 입찰공고,1,24
2025년 의정부경찰서어린이집 식자재납품업체선정 입찰공고,1,24
2025년 시흥경찰서어린이집 식자재 납품업체선정 입찰공고,1,24
안양동안경찰서어린이집 2025년 식자재 납품업체 선정 ,1,24
서울경찰청어린이집 2025년 식자재 납품업체 선정,1,24
대전동부경찰서어린이집 2025년 식자재 납품업체 선정(20250114 변경 최종),1,24
중랑경찰서어린이집 2025년 식자재납품업체 선정,1,24
2025년 수서경찰서어린이집 식자재납품업체 선정,1,24
익산경찰서어린이집 2025년 식자재 납품업체 선정,1,24
2025년 미추홀경찰서어린이집 식자재 납품 업체 선정,1,24
영등포경찰서어린이집  2025년 식자재납품업체 선정,1,24
2025년 파주경찰서 어린이집 식자재 납품업체 선정 입찰 공고 ,1,24
아산경찰서어린이집 2025년 식자재 납품업체 선정,1,24
2025년 청주흥덕경찰서어린이집 식자재  공급업체 선정 공고,1,24
대구성서경찰서어린이집 2025년 식자재 납품업체 선정 입찰공고,1,24
2025년 대구동부경찰서어린이집 식사재납품 업체선정 입찰공고,1,24
부산북부경찰서어린이집 2025년 식자재 납품업체 선정 입찰공고,1,24
2025년 경기북부경찰청 어린이집 식자재 업체 선정 입찰 공고,1,24
전북경찰청어린이집 식자재 납품업체선정 입찰공고,1,24
대전유성경찰서어린이집 2025년 식자재납품업체 선정입찰공고,1,24
대전경찰청어린이집 2025년 식자재 납품업체 선정 입찰공고,1,24
세종남부경찰서어린이집 2025년 식자재 납품업체 선정,1,24
수원중부경찰서어린이집 식자재 납품업체 선정공고,1,24
구미경찰서어린이집 2025학년도 식자재납품업체 선정 입찰공고,1,24
2025년 울산중부경찰서어린이집 식자재 납품업체 선정 입찰 공고,1,24
2025년 대구경찰어린이집 식자재 납품업체 선청 입찰 공고,2,9
대구서부경찰서어린이집 2025년 식자재 납품업체 선정 입찰공고,2,9
천안서북경찰서어린이집 2025학년도 식자재납품 입찰업체 선정공고,2,9
경남경찰청 어린이집 2025학년도 식자재납품 업체선정 입찰공고,2,9
2025년 오산경찰서어린이집 식자재 납품업체 선정 입찰 공고,2,9
평택남부경찰서어린이집 2025년 식자재 납품업체 선정 입찰공고,2,9
2025년 광명경찰서어린이집 식자재 납품업체 선정 입찰공고,2,9
2025년 부천오정경찰서어린이집 식자재 납품업체 선정 입찰공고,2,9
2025년 경북경찰청어린이집 식자재  납품업체 선정 입찰 공고,2,9
서울도봉경찰서어린이집 2025년 식자재 납품업체 선정 입찰공고,2,9
2025년 인천중부경찰서어린이집 식자재납품업체 선정 입찰공고,2,9
2025년 인천경찰청어린이집식자재납품업체선정 입찰공고,2,9
2025년 분당경찰서어린이집 식자재 납품 업체 선정 입찰공고,2,9
2025년 김포경찰서어린이집 식자재납품업체선정 입찰공고,2,9
고양경찰서어린이집 2025년 식자재 납품업체 선정 입찰공고,2,9
2025년 속초경찰서 어린이집 식자재 업체 선정,2,9
포항남부경찰서어린이집 2025학년도 식자재납품 업체선정 입찰공고,2,9
2025년 서울금천경찰서 어린이집 식자재 납품업체선정 입찰공고,2,9
삼척경찰서어린이집 2025학년도 식자재 납품업체 선정 공고,2,9
2025년 충북경찰청어린이집 식자재공급업체 입찰 공고,2,9
2026년 급식재료 유제품 5종(중앙+요양),2,9
대구보훈병원 2026년 환자급식용 유제품 연간 단가계약,2,9
제3회 순직의무군경의 날 기념식 대행용역,1,69
2026년 국외거주 독립유공자 후손 초청행사 대행용역,1,69
제66주년 2.28민주운동 기념식 대행용역,1,69
제66주년 4.19혁명 기념식 대행용역,1,69
제71회 현충일 추념식 대행용역,1,69
제11회 서해수호의 날 기념식 대행용역,1,69
제66주년 3.8민주의거 기념식 대행용역,1,69
제66주년 3.15의거 기념식 대행용역,1,69
제107주년 대한민국임시정부수립 기념식 대행용역,1,69
[수의시담]대구보훈병원 급식재료(백미) 단가계약,1,24
2025년 부산보훈병원 급식재료(백미)연간 단가계약 수의시담,1,24
[긴급] 2025년 장례식장 식재료(농수축산물) 45종 구매,1,24
"[수의시담] 2025년 4분기 ~ 2026년 1분기 중앙보훈병원 급식재료 (농수축공,양곡) 276종 구매",1,24
"[수의시담] 2025년 4분기 ~ 2026년 1분기 서울요양병원 급식재료 (농수축공,양곡) 243종 구매",1,24
[수의시담] 2025년 4분기 ~ 2026년 1분기 장례식장 부대물품 양곡 1종 구매,1,24
2025년 부산보훈병원 급식재료(공산품) 연간 단가계약(긴급),1,19
2025년 부산보훈병원 급식재료(공산품) 연간 단가계약,1,19
2025년 10월 ~ 2026년 3월 쌀(백미) 단가계약,1,24
2025년 하반기 급식재료(농수축산물) 단가계약 전자 수의시담,1,24
2025년 10월 ~ 2026년 3월 김치(깍두기등 6종) 단가계약,1,24
[수의시담] 2025년 추석 명절 직원 기념품 60종 구매,1,19
[긴급] 2025년 4분기 ~ 2026년 1분기 급식재료 김치류 6종 구매,2,9
2025년 부산보훈병원 추석명절 직원선물 구입,1,19
[긴급]2025년 중앙보훈병원 및 서울요양병원 식기세척기용세제 등 11종 구매,1,19
"[수의시담] 대구보훈병원 2025년 급식재료(농수축산물, 공산품) 단가계약",2,9
2025년  광주보훈병원 우유 등 6종 연간 단가계약[긴급],2,9
제96주년 학생독립운동 기념식 대행용역,1,69
"[수의시담]2025년 3분기 서울요양병원 급식재료(농수축공,양곡) 230종",1,24
"[수의시담]2025년 3분기 중앙보훈병원 급식재료(농수축공,양곡) 272종",1,24
"[수의시담] 2025년 3분기 중앙 및 요양 급식재료(농수축공,양곡)",1,24
광복80주년 계기 패션콘텐츠 기획 및 이벤트 운영 대행 용역,1,69
2025년 부산보훈병원 유제품(우유등 3종) 연간 단가계약(긴급),1,24
국립이천호국원 디지털 홍보 컨텐츠 제작,2,75
광복80주년 계기 코리아 메모리얼 광복라이트 기획 및 운영 용역,1,69
(긴급)국가보훈부88골프장 코스관리용 비료 단가계약,2,3
2025년 3분기 급식재료 김치류 6종(중앙+요양),1,24
2025년 국군모범용사 격려행사 대행용역,1,69
6.25전쟁 유엔군 참전의 날 기념식 대행 용역,1,69
[수의시담]2025년 장례식장 주류 참이슬 등 5종,2,20
[수의시담] 2025년 장례식장 편육 1종,1,24
2025년 제대군인 취·창업박람회 대행용역,1,69
2025년 제대군인 주간 대행용역,1,69
2025년 장례식장 주류 참이슬 등 5종,2,20
2025년 장례식장 떡류 절편 등 7종,1,24
2025년 장례식장 편육 1종,1,24
(긴급)국가보훈부88골프장 2025년 코스관리용 비료 단가계약,2,3
[긴급] 2025년 중앙보훈병원 장례식장 식자재(공산품) 23종 구매,1,24
2025년 중앙보훈병원 장례식장 음료류 구매,1,24
독립운동 주제 인터랙티브 콘텐츠 제작 및 체험부스 운영 용역,1,69
제2회 대한민국 보훈문화제 푸드 페스타 기획 및 운영 대행 용역,1,69
2025년도 국가유공자 및 보훈가족 초청 위로 행사,1,69
2025년 국제보훈컨퍼런스 사업 대행 용역,1,69
국립대한민국임시정부기념관 2025년 국외교류전시 연출용역,1,69
대전보훈병원 2025년(4월~9월) 쌀 구입,1,19
"2025년 인천보훈병원 급식재료(농·수·축산물, 공산품) 단가계약(수의시담)",1,19
대전보훈병원 2025년(4월~9월) 김치류(깍두기 등 7종) 구매,1,19
2025년 유엔참전국 교류캠프 대행 용역,1,69
2025년도 민간단체 주관 보훈기념행사 컨설팅 대행 용역,1,69
"[수의시담] 2025년 1분기 중앙보훈병원 급식재료(농수축공,양곡) 270종",1,19
"[수의시담] 2025년 1분기 서울요양병원 급식재료(농수축공,양곡) 220종",1,19
2025년 상반기 급식재료(농수축산물) 단가계약 전자 수의시담,1,19
2025년 국립서울현충원 음악회 행사대행용역,1,69
[긴급] 2025년 2~3분기 중앙보훈병원 장례식장 물품(농수축산물) 구매,1,19
2025년도 국립대한민국임시정부기념관 학술회의 운영 대행 ,1,69
광복80주년?광복군 창설 85주년 기념 프로그램 개발 및 운영 용역,1,69
"2025년 인천보훈병원 급식재료(농·수·축산물, 공산품) 단가계약",1,19
광복80주년 계기 불빛공연(드론 라이트 쇼) 행사 대행 용역,1,69
제2회 대한민국보훈문화제 공연 기획 및 운영 대행 용역,1,69
2025년 2분기 급식재료 김치류 6종(중앙+요양),1,19
2025년도 히어로즈 패밀리 프로그램 운영 대행 용역,1,69
2025년 대구보훈병원 국비 일용품세트 연간 단가계약,1,19
"노인생활지원용품(위생,편의용품) 구매",1,19
성인용 기저귀 구매,1,19
"2025년 인천보훈병원 급식재료(농·수·축산물, 공산품) 연간 단가계약",1,19
국립전통예술고등학교 2026년 3 ~  7월 조식 위탁급식(벌크식) 납품업체 선정,2,9
2026학년도 1학기 국립국악중·고등학교 기숙사 아침·저녁 위탁급식(벌크식)  납품업체 선정,2,9
국립국악고등학교 2025년 12월 ~ 2026년 2월 급식물품 구매(김치류),2,9
국립국악고등학교 2025년 12월 ~ 2026년 2월 급식물품 구매(공산품),2,9
국립국악고등학교 2025년 12월 ~ 2026년 2월 급식물품 구매(수산물),2,9
국립국악고등학교 2025년 12월 ~ 2026년 2월 급식물품 구매(축산물),2,9
국립국악고등학교 2025년 12월 ~ 2026년 2월 급식물품 구매(농산물),2,9
2026년 KTV 화면해설방송 제작 용역,2,75
문체부 유튜브 등 영상 콘텐츠 제작,2,75
2026년 기획 쇼츠 영상 제작,2,75
2026년 대한민국정부 유튜브 콘텐츠 제작,2,75
옛 전남도청 개관 기념 기증전 전시영상 제작 및 설치 용역,2,75
2026년 정부대표 누리소통망 콘텐츠 제작 및 운영,2,75
2026년 대한민국정부 디지털콘텐츠 수어통역 영상 제작,2,75
2026년 대한민국정부 디지털콘텐츠 화면해설 영상 제작,2,75
2026년 정책간행물 디지털 콘텐츠 확산,2,75
2026 국악누리 제작,2,75
2026년 정책브리핑 콘텐츠 제작·운영 및 확산사업,2,75
박물관 교육 영상제작 및 스튜디오 운영·관리 용역,2,75
국립국악고등학교 2025년 11월 급식물품 구매(김치류),2,9
국립국악고등학교 2025년 11월 급식물품 구매(공산품),2,9
국립국악고등학교 2025년 11월 급식물품 구매(수산물),2,9
국립국악고등학교 2025년 11월 급식물품 구매(축산물),2,9
국립국악고등학교 2025년 11월 급식물품 구매(농산물),2,9
한국예술종합학교 구내식당 주부식 구입(25.11.~26.02.),1,24
국립국악고등학교 2025년 10월 급식물품 구매(김치류),2,9
국립국악고등학교 2025년 10월 급식물품 구매(공산품),2,9
국립국악고등학교 2025년 10월 급식물품 구매(수산물),2,9
국립국악고등학교 2025년 10월 급식물품 구매(축산물),2,9
국립국악고등학교 2025년 10월 급식물품 구매(농산물),2,9
국립국악고등학교 2025년 9월 급식물품 구매(김치류),1,19
국립국악고등학교 2025년 9월 급식물품 구매(공산품),1,19
국립국악고등학교 2025년 9월 급식물품 구매(수산물),1,19
국립국악고등학교 2025년 9월 급식물품 구매(축산물),1,19
국립국악고등학교 2025년 9월 급식물품 구매(농산물),1,19
"2025년도 2학기 국립국악중·고등학교 기숙사 아침, 저녁 위탁급식(벌크식) 납품업체 선정",2,9
국립전통예술고등학교 2025년 8월 ~ 2026년 2월 조식 위탁급식(벌크식) 납품업체 선정,2,9
"국립국악고등학교 2025년 7,8월 급식물품 구매(김치류)",2,9
"국립국악고등학교 2025년 7,8월 급식물품 구매(공산품)",2,9
"국립국악고등학교 2025년 7,8월 급식물품 구매(수산물)",2,9
"국립국악고등학교 2025년 7,8월 급식물품 구매(축산물)",2,9
"국립국악고등학교 2025년 7,8월 급식물품 구매(농산물)",2,9
한국예술종합학교 구내식당 주부식 구입(25.7.~25.10.),1,19
국립국악고등학교 2025년 6월 급식물품 구매(김치류),2,9
국립국악고등학교 2025년 6월 급식물품 구매(공산품),2,9
국립국악고등학교 2025년 6월 급식물품 구매(수산물),2,9
국립국악고등학교 2025년 6월 급식물품 구매(축산물),2,9
국립국악고등학교 2025년 6월 급식물품 구매(농산물),2,9
국립국악고등학교 2025년 5월 급식물품 구매(김치류),2,9
국립국악고등학교 2025년 5월 급식물품 구매(공산품),2,9
국립국악고등학교 2025년 5월 급식물품 구매(수산물),2,9
국립국악고등학교 2025년 5월 급식물품 구매(축산물),2,9
국립국악고등학교 2025년 5월 급식물품 구매(농산물),2,9
광복 80년 기념 문화예술 전야제 행사 대행 용역,1,69
2025년 청년세대 참여형 마케팅,1,56
2025년 대한민국역사박물관 온라인 홍보 운영 용역,1,56
국악의 날 기념공연 세종조 회례연 행사대행 용역,1,69
국립국악고등학교 2025년 4월 급식물품 구매(김치류),2,9
국립국악고등학교 2025년 4월 급식물품 구매(공산품),2,9
국립국악고등학교 2025년 4월 급식물품 구매(수산물),2,9
국립국악고등학교 2025년 4월 급식물품 구매(축산물),2,9
국립국악고등학교 2025년 4월 급식물품 구매(농산물),2,9
2025년 박물관·미술관 박람회 개최 용역,1,69
2025 ACC 거장전 료지 이케다 전시 홍보 대행 용역,1,56
국립국악고등학교 2025년 3월 급식물품 구매(김치류),2,9
국립국악고등학교 2025년 3월 급식물품 구매(공산품),2,9
국립국악고등학교 2025년 3월 급식물품 구매(축산물),2,9
국립국악고등학교 2025년 3월 급식물품 구매(수산물),2,9
국립국악고등학교 2025년 3월 급식물품 구매(농산물),2,9
2025년도 1학기 국립국악중·고등학교 기숙사 아침·저녁 위탁급식(벌크식) 납품업체 선정,2,9
한국예술종합학교 구내식당 주부식 구입(25.3.~25.6.),1,19
국립전통예술고등학교 2025년 3~7월 조식 위탁급식(벌크식) 납품업체 선정,2,9
국가유산 디지털헤리티지 전략 및 성과 홍보영상 제작,2,75
신라문화권 유적 출토 말 관련 성과 공개회 전시 연출 및 보조물 제작 설치,1,69
국외교류전 개막행사 대행 및 외빈 수행 용역,1,69
(전시) 국외왕실문화특별전 전시장 운영 및 관리,1,69
2025년 국외교류전 온라인 전시 콘텐츠 제작 용역,2,75
(전시) 국외왕실문화특별전 언론공개회 및 개막행사 대행,1,69
"(유물-보존4) 2025년 특별전 REBORN, 시간을 잇는 보존과학 개막행사 대행 용역",1,69
"2025년 국립고궁박물관 특별전 REBORN, 시간을 잇는 보존과학 전시장 운영 및 관리 용역",1,69
한국전통문화대학교 그래픽디자인(UI) 수정·보완제작 용역,2,76
2026년도 「국가유산사랑」 웹진(e-book) 제작,2,75
2025년도 제철기술 복원실험 기록영상 제작 용역,2,75
2025년 국립무형유산원 다시락 미디어 페스티벌 운영 대행 용역,1,69
국립고궁박물관 온라인 홍보 대행 용역,1,56
이코모스 아시아 태평양 지역회의 개최 용역,1,69
국립고궁박물관 개관 20주년 홍보 영상 제작,1,75
자연유산 동영상 제작,1,75
고도육성법 20주년 기념 홍보영상 제작,1,75
"2025학년도 학생식당 식자재 구매(1,2학기)",1,24
2025년 국립무형유산원 영상기록물 제작 용역,1,75
2025 유네스코 인류무형유산 국외 초청공연 및 부대행사 운영 대행 용역,1,69
제2회 대한민국 전통조경대전 운영,1,69
 2025년 국립문화유산연구원 홍보대행 용역,1,56
2026.1분기 구내식당 농산물(지역농산물) 구매 계약,1,24
2026.1분기 구내식당 축산물(지역농산물) 구매 계약,1,24
2026.1분기 구내식당 주곡류(지역농산물) 구매 계약,1,24
2026.1분기 구내식당 김치류(지역농산물) 구매 계약,1,24
2026.1분기 구내식당 수산물 구매 계약,1,24
2025년산 벼·두류 보급종 공급용 포장재 조달 구입,1,46
"2025년 정부관리양곡 시도별(광주, 전북, 전남) 포장재(지대) 구매(2차)",1,46
"2025년 정부관리양곡 시도별(부산,대구,경북,경남) 포장재(지대) 구매(2차)",1,46
"2025년 정부관리양곡 시도별(세종,충북,충남) 포장재(지대) 구매(2차)",1,46
"2025년 정부관리양곡 시도별(인천,경기,강원) 포장재(지대) 구매(2차)",1,46
2025년 4분기 구내식당 농산물(지역농산물) 구매 계약 ,1,19
2025년 4분기 구내식당 축산물(지역농산물) 구매 계약,1,19
2025년 4분기 주곡류(지역농산물) 구매 계약,1,19
2025년 4분기 구내식당 김치류(지역농산물) 구매 계약,1,19
2025년 4분기 구내식당 공산품 구매 계약,1,19
2025년 4분기 구내식당 수산물 구매 계약,1,19
"2025년 정부관리양곡 포장재(대형포대, p.p) 구매(2차)",1,46
"2025년 정부관리양곡 포장재(소형, p.p) 구매(2차)",1,46
2025년 농관원 통합홍보관 설치·운영 사업,1,69
2025년산 맥류 보급종 소독약제 구입,2,3
2025년 한가위 명절선물전 지리적표시 홍보관 운영 사업,1,69
2025년 3분기 구내식당 농산물(지역농산물) 구매계약 ,1,24
2025년 3분기 구내식당 축산물(지역농산물) 구매계약,1,24
2025년 3분기 구내식당 주곡류(지역농산물) 구매계약 ,1,24
2025년 3분기 구내식당 김치류(지역농산물) 구매계약,1,24
2025년 3분기 구내식당 공산품 구매계약,1,19
2025년 3분기 구내식당 수산물 구매계약,1,24
2025년 지리적표시품 온라인 플랫폼 판매지원 용역,1,41
2025년 맥류 보급종 공급용 포장재 구입,1,46
2025년 아동대상 지리적표시 교육 사업,2,71
제4차 한중일 농업장관회의 행사운영,1,69
정부관리양곡 자동차운송 등 5개 분야 일괄 계약,1,40
"2025년 해외현지 품종전시포(공동전시포, 중국 신장·허베이·윈난) 조성·운영 용역",2,3
"2025년 해외현지 품종전시포(공동전시포, 미국·멕시코) 조성·운영 용역",2,3
"2025년 해외현지 품종전시포(공동전시포, 인도·베트남) 조성·운영 용역",2,3
2025년 호주 식품박람회 K-seed관 부스설치·운영 용역,1,69
2025년 네덜란드 화훼무역박람회 K-seed관 부스설치·운영 용역,1,69
"2025년 해외현지 품종전시포(공동전시포, 튀르키예) 조성·운영 용역",2,3
2025.2분기 구내식당 김치류(지역농산물) 구매 계약,1,19
2025.2분기 구내식당 주곡류(지역농산물) 구매 계약,1,19
2025.2분기 구내식당 축산물(지역농산물) 구매 계약,1,19
2025.2분기 구내식당 농산물(지역농산물) 구매 계약 ,1,19
2025.2분기 구내식당 공산품 구매 계약,1,19
2025.2분기 구내식당 수산물 구매 계약,1,19
2025년도 정부관리양곡 포장재(소형포대) 구매(1차),1,46
2025년 정부관리양곡 포장재(대형포대) 구매(1차),1,46
"2025년 정부관리양곡 시도별(광주,전북,전남) 포장재(지대, 1차) 구매",1,46
"2025년 정부관리양곡 시도별(인천,경기,강원) 포장재(지대) 구매(1차)",1,46
"2025년 정부관리양곡 시도별(세종,충북,충남) 포장재(지대) 구매(1차)",1,46
"2025년 정부관리양곡 시도별(부산,대구,경북,경남) 포장재(지대) 구매(1차)",1,46
농기계임대사업소 분소(도천) 임대농기계 운반화물택배 용역,2,35
농기계임대사업소 본소(대지) 임대농기계 운반화물택배 용역,2,35
2026년 상반기 경상남도농업기술원 구내식당 급식재료 구입 ,1,19
2025년 TMR사료 원재료 및 배합사료 육상운송 용역(2차)(2인이상 견적제출)(수정),2,34
2025년 TMR사료 원재료 및 배합사료 육상운송 용역(2차)(2인이상 견적제출),2,34
2026년 농업기계 임대장비 운송 용역,2,32
제10회 창원농업인 한마음대회 행사용역,1,69
2026태안국제원예치유박람회 치유농업2관 조성사업 대행용역,1,69
2026 태안국제원예치유박람회 ‘치유농업1관’ 조성사업 대행용역,1,69
2025년 TMR사료 원재료 및 배합사료 해상운송 용역(2차)(2인이상 견적제출),2,32
2026년도 거창군 먹거리통합지원센터 공공급식 식재료 배송용역,2,9
2026년 농촌진흥청 온라인 홍보 위탁 운영,1,56
창원단감 지리적표시 등록기념 홍보행사 용역,1,69
2025 농업과학기술 성과공유대회 대행 용역,1,69
2025년 대한민국 정부혁신 박람회 전시 용역,1,69
제30회 농업인의 날 국가기념 행사 및 부대행사 공연 계약,1,69
제5회 창원 반려동물 문화축제 행사용역,1,69
2025년 제13회 서울 농업인 한마음 대회 전시 및 장식 용역,1,69
2025년 농업자원 활용 컨텐츠 제작,2,75
「춘천시 농부의 장터×막닭축제」행사기획 및 운영용역,1,69
2025년 원주삼토페스티벌 행사 대행 용역(협상에의한계약),1,69
2025년 서울 브랜드농산물 육성을 위한 포장재(과수) 제작 구매,1,46
2025년 서울브랜드 농산물 육성 지원사업 벼 포장재 제작,1,46
2025 대한민국 농업박람회 전시 용역,1,69
2025년 산엔청 공동브랜드 포장박스 제작(입찰대행),1,46
농산물 가공제품 이력제 추진에 따른 내포장재(본점) 제작[수의시담],1,46
농산물 가공제품 이력제 추진에 따른 내포장재(본점) 제작,1,46
2025년 공공비축미용 PP포대(800kg) 구입,1,46
2025 A Farm Show 창농·귀농 고향사랑 농업박람회 전시 용역,1,69
소액용역 견적제출 안내공고_제19회 거제섬꽃축제 행사 기획운영 용역,1,69
2025년 하반기 경상남도농업기술원 구내식당 급식재료 구입,1,24
물품구매 소액수의 견적제출 안내 공고(소비트렌드 맞춤형 칼라수박단지 육성시범 포장박스 제작),1,46
물품 수의계약 견적제출 안내 공고[소비트렌드 맞춤형 칼라수박단지 육성시범사업 포장박스제작 (입찰대행)],1,46
「2025년 춘천시 농부의 장터(아파트단지 편)」행사기획 및 운영용역,1,69
[입찰대행] 제18회 한국후계농업경영인 강원도대회 행사기획 및 운영 용역,1,69
(협상)경상북도 늘봄학교 연계 농업농촌체험 프로그램 개발 용역,2,18
제18회 경상북도후계농업경영인대회 시설물 설치 및 행사 대행 용역(민간입찰대행),1,69
농심 함양 프로젝트 및 성과공유대회 운영 용역,1,69
2025년 서울 국제정원박람회 반려식물병원 부스운영 용역,1,69
2025년 TMR 사료 원재료 및 배합사료 해상운송 용역,2,34
제16회 향수옥천 포도·복숭아축제 행사대행 용역(수의시담),1,69
2025년 안산 대부포도축제 행사 대행 용역(민간입찰대행),1,69
「2025년 제2회 춘천 복숭아 페스티벌」행사기획 및 운영 용역,1,69
「제3회 화성시 도농 어울림 축제」대행 용역,1,69
제23회 창원 전국민속 소힘겨루기대회 경기장 등 임차 용역,1,69
창녕군 농산물 가공품 및 포장디자인 개발 용역(협상에 의한 계약),2,76
(입찰대행)2025년 오미자원료 안정공급 모델화 구축 사업 오미자 과원 신규조성 물품구입(긴급),2,16
(입찰대행)신소득작목 송향버섯 연중재배 시범사업(버섯재배사 신축공사),2,16
2025년 사계절 엽채류 양액재배단지 조성사업(입찰대행),2,16
스마트농업지원센터 딸기육묘장 비닐피복 교체공사,2,16
[입찰대행]식량작물 신품종 종자생산 기반단지 조성 시범사업 물품구입(이식기),2,3
[입찰대행]2025년 식량작물 신품종 종자 생산 기반단지 조성 시범사업 물품 구입,2,3
딸기 수경재배 온실 포그시스템 구축공사,2,16
성곡 친환경농업단지 친환경농자재(토양개량 및 작물생육용) 구입(민간대행),2,14
부곡 친환경농업단지 친환경농자재(토양개량 및 작물생육용)구입(민간대행),2,14
"2025년 농특산물 유통포장재 지원사업(블루베리-용기, 종이박스)",1,46
[입찰대행]기후 적응형 벼 안정생산 재배단지 조성 시범사업,2,16
"2025년 서울브랜드 농산물 육성을 위한 포장재(채소, 화훼, 양봉) 제작 구매",1,46
2025년 친환경농업 활성화 기반조성 지원사업 친환경농자재 구매,2,14
[입찰대행] 식량작물 신품종 종자 생산기반 단지 조성 시범사업(농기계 구입),2,3
2025년 친환경농업단지 조성사업 친환경농자재(왕우렁이) 구입(민간대행),2,14
임대농기계 구입(농업기계 확대공급 지원사업)[마늘파종기],2,17
Y-Farm Expo 2025 귀농귀촌 지역살리기 박람회 전시 용역,1,69
국내육성 사료용 맥류 종자생산 및 이용확대 기반 구축 시범사업 추진을 위한 모우어 구입(민간입찰대행),2,3
제16회 향수옥천 포도·복숭아축제 행사대행 용역(협상에의한계약),1,69
2025년 주산지일관기계화사업 장기임대 농기계(드론외 1종) 구입 수의견적 공고,2,17
제20회 남해 마늘한우 축제 행사대행 용역,1,69
2025 APEC 식량안보장관 산하 회의 및 제반행사 대행 용역,1,69
2025년 농외 소득창출형 농작업 대행 사업용 장비 구입,2,15
2025년 포항시 농특산물 가공식품 대전 행사대행 용역,1,69
「2025 춘천 반려동물 페스티벌」대행 용역(협상에 의한 계약),1,69
2025 농업기술박람회 행사 대행 용역,1,69
2025년도 양평밀 농작업 대행단 운영 용역(단가계약),2,15
2025년 여수시 학교급식 식재료 안전성 검사 용역,2,9
 2025년 경로당 지역농산물 꾸러미 배송용역 단가계약,1,40
2025년 영농취약계층 농작업 대행사업 용역,2,15
2025년 음성군 공정육묘장 고추 종자 구입 공고,2,3
2025년 경로당 지역농산물 꾸러미 배송용역 단가계약,1,40
2025년 육묘장 고추종자 구입,2,3
2026년 세계식물원교육의 날 운영 및 홍보 대행,1,69
2026년 세계 산림의 날 기념행사 대행,1,69
2025년 운영지원 및 홍보 워크숍 대행,1,69
정부혁신 박람회 산림청 부스 운영 대행 ,1,69
SNS 미드폼 콘텐츠 제작,2,75
SNS 숏폼 콘텐츠 제작,2,75
2025년 선도 산림경영단지 홍보 부스 기획 및 설치 용역,1,69
2025 산림박람회 행사 대행 용역,1,69
2026년 G-Tower 직원식당 식재료(수산물류) 구매,1,19
2026년 G-Tower 직원식당 식재료(김치류) 구매,1,19
2026년 G-Tower 직원식당 식재료(축산물류) 구매,1,19
2026년 G-Tower 직원식당 식재료(주부식류) 구매,1,19
IFEZ 항공우주 글로벌 혁신 심포지엄 행사운영 용역,1,69
2025년도 국가기술표준원 온라인홍보 사업,1,55
2025년 IFEZ 관광.먹거리 블로그 및 SNS 매체 운영 용역,1,56
제품안전 정보지 SAFETY KOREA 제작 용역 사업 공고,2,74
2025년 경제청소식지 IFEZ 저널 제작,2,74
"2025년 DGFEZ 매거진 발간, DM 발송 용역",2,74
2025 DGFEZ SNS 채널 운영,1,56
2025 SNS 및 뉴미디어 매체활용 홍보 용역,1,56
2026년 1~2월 환자급식용 물품(부식) 구매,1,24
2026년 1~2월(2개월분) 환자 부식 등 구매,1,24
국립부곡병원 2026년도 1~2월분 재원환자 급식용 김치류 구입,1,24
국립부곡병원 2026년 1~2월분 재원환자 급식재료 구입,1,24
2026년 1~2월 국립나주병원 환자급식용 식재료 구매,1,24
2026년도 보건복지부 온라인 모니터링 ,1,55
2026년 1~2월분 환자부식(가자미 등 151품목)구매,1,24
"환자급식용 주·부식 구매(1~4월, 4개월분)",1,24
2026년 입원환자 주부식(1~2월분) 구매 소액수의 견적제출 안내공고,2,9
2025년 국립공주병원 11~12월 환자급식용 물품(부식)구매 입찰 공고,2,9
2025년 11~12월(2개월분) 환자 부식 등 구매,2,9
2025년 11~12월분 환자부식(가자미 등 150품목)구매,2,9
국립부곡병원 2025년 11~12월분 재원환자 급식용 김치류 구입,2,9
국립부곡병원 2025년 11~12월분 재원환자 급식재료 구입,2,9
2025년 11~12월 환자급식용 식재료 구매  소액수의 견적 제출 공고,2,9
2025년 입원환자 주부식(11~12월분) 구매 소액수의 견적제출 안내공고,2,9
국립부곡병원 2025년  9~10월분 재원환자 급식용 김치류 구입,2,9
2025년 9월~10월(2개월분) 환자부식 등 구매,2,9
2025년 9~10월 환자급식용 식재료 구매,2,9
2025년 9~10월분 환자부식(가자미 등 144품목)구매,2,9
국립부곡병원 2025년 9~10월분 재원환자 급식재료 구입 ,2,9
2025년 입원환자 주부식(9~10월분) 구매 소액수의 견적제출 안내공고(변경),2,9
2025년 입원환자 주부식(9~10월분) 구매 소액수의 견적제출 안내공고,2,9
국립공주병원 2025년 9~10월 환자급식용 물품(부식) 구매 ,2,9
"환자급식용 주·부식 구매(9~12월, 4개월분)",2,9
2025년 입원환자 주부식(7~8월) 구매,1,24
2025년 7~8월 환자급식용 물품(부식) 구매,1,24
2025년 7~8월분 환자부식(가자미 등 150품목)구매,1,24
국립부곡병원 2025년 7~8월분 재원환자 급식재료 구입,1,24
국립부곡병원 2025년 7~8월분 재원환자 급식용 김치류 구입,1,24
2025년 7~8월 환자급식용 식재료 구매 소액수의 견적 제출 공고,1,24
2025년 7~8월(2개월분) 환자 부식 등 구매,1,24
2025년 5~6월 환자급식용 물품(부식) 구매,1,24
2025년 5~6월분 환자부식(가자미 등 151품목)구매,1,24
국립부곡병원 2025년 5~6월분 재원환자 급식용 김치류 구입,1,24
국립부곡병원 2025년 5~6월분 재원환자 급식재료 구입,1,24
2025년 입원환자 주ㆍ부식(5~6월분) 구매,1,24
2025년 5~6월(2개월분) 환자부식 등 구매,1,24
2025년 5~6월 환자급식용 식재료 구매 소액수의 견적 제출 공고,2,9
국립부곡병원 재원환자 급식용 식재료(쌀) 구입,2,9
"환자급식용 주·부식 구매(5~8월, 4개월분)",2,9
2025년 3~4월분 환자급식용 물품(부식) 구매,2,9
2025년 3월~4월(2개월분) 환자 부식 등 구매,2,9
2025년 입원환자 주부식(3~4월분) 구매,2,9
국립부곡병원 2025년 3~4월분 재원환자 급식용 김치류 구입,2,9
국립부곡병원 2025년 3~4월분 재원환자 급식재료 구입,2,9
2025년 3~4월  환자급식용 식재료 구매 소액수의 견적 제출 공고,2,9
2025년 3~4월분 환자부식(가자미 등 150품목)견적제출 공고,2,9
2026년 1분기(1~3월) 국립마산병원 환자부식 구매 소액수의견적 제출 공고,1,24
2026년 1월~3월 입원환자식당 식자재 구매,1,24
"[일반용역,5번][자체,협상,예접]2026년 온라인 교육 콘텐츠 유지보수 사업",2,71
2026년 질병관리청 예방접종 교육 사업,2,71
2026년 질병관리청 인재개발 프로그램 위탁 운영,2,71
2025년 4분기(10~12월) 국립마산병원 환자부식 구매 소액수의견적 제출 공고,2,9
"[일반용역,187번][자체,협상,질병]감염병 교육 의무화 이러닝 교육과정 개발",2,75
2025년 10월~12월 입원환자식당 식자재 구매,1,24
국립목포병원 2025년 7월~9월 입원환자식당 식자재 구매,1,24
2025년 3분기(7~9월) 국립마산병원 환자부식 구매 소액수의견적 제출 공고,1,24
2025년 2분기(4~6월) 국립마산병원 환자부식 구매 소액수의견적 제출 공고,2,9
국립목포병원 2025년 4월~6월 입원환자식당 식자재 구매,1,24
2026년 세계 물의 날 기념행사 운영사업,1,69
국립항공박물관 협업 특별전 전시연출 및 전시물 제작설치,1,69
2025년 미세먼지 저감정책 광고·홍보 대행,1,55
2025년 습지의 날 기념행사 대행 용역,1,69
2025년 생물다양성의 날 및 철새의 날 기념행사 대행 용역,1,69
2026년 국립청소년인터넷드림마을 식자재 구매,1,19
제42차 ICAO 총회 한국의 밤 행사대행 및 대표단 지원,1,69
새만금산단 입주기업 워크숍 및 간담회 행사대행 용역,1,69
새만금 해양관광 활성화 홍보 영상 제작,2,75
2025년 새만금 RE100 투자가능기업 투자설명회 행사위탁용역,1,69
2025 새만금 생생(生生) 배드민턴 대회 용역,1,69
"새만금 국제 크루즈 선사,여행사 초청 세미나 대행용역",1,69
2025년 새만금 종합홍보 대행 용역,1,56
2026년 행복도시 종합홍보용역,1,56
2026년 행정중심복합도시 종합홍보용역,1,56
2026년도 민간협업 및 홍보캠페인 영상 제작,1,56
2026년도 정책홍보 영상제작 및 유튜브 채널운영,1,56
2026년도 해양수산부 온라인 정책홍보 대행,1,56
제4차 UN해양총회(UNOC) 유치홍보 용역,1,56
2025학년도 부산해사고등학교 2학년 현장체험학습(국외수학여행) 위탁용역,1,58
2025학년도 하계 학생역량강화 공대기업반 강좌 위탁용역,2,71
2025학년도 부산기계공업고등학교 학생 해외연수(중국) 위탁 용역 공고,1,58
2025학년도 특화교육과정 SW 역량강화 교육 용역,2,71
2025학년도 하계 학생역량강화 비즈니스영어 강좌 위탁용역,2,71
2025년 중소벤처기업부 외국어 역량강화 교육 운영 용역,2,71
2025학년도 전북기계공업고등학교 고등자기성장캠프 위탁용역 소액수의 견적 제출 공고(긴급),2,71
2025학년도 고등자기성장캠프 위탁용역 소액수의 견적 제출 공고(긴급),2,71
(긴급)2025학년도 구미전자공업고등학교 2학년 수학여행 용역,1,59
2025학년도 급식용 우유 구입,1,24
2025학년도 취업역량강화 프로그램(캠프) 운영 위탁 교육 용역,2,71
2025학년도 전북기계공고 고등자기성장캠프 위탁용역,2,71
2025년 중소벤처기업부 재직자교육,2,71
2025학년도 부산기계공업고등학교 1학년 현장체험학습 위탁 용역 공고(G2B) ,1,59
2025 APEC 중소기업 장관회의 행사 위탁용역,1,69
2025학년도 1학기 방과후학교 비즈니스영어 강좌 위탁용역,2,71
2025년 전북기계공고 영마이스터 글로벌 산업현장탐방 위탁용역,1,58
2025학년도 부산기계공업고등학교 2학년 현장체험학습(제주도) 위탁용역 중앙조달계약 입찰 요청,1,59
개인정보 보호기술 전시회 부스 설치,1,69
개인정보보호위원회 조사관 역량 강화 교육,2,71
2025년 개인정보보호위원회 종합 홍보 사업,1,56
2025년 제47차 GPA 서울 총회 행사대행,1,69
제30회 소비자의 날 행사 위탁,1,69
제10회 아시아소비자정책포럼 행사 위탁,1,69
제23회 대학(원)생 모의공정위 경연대회 운영대행 위탁사업,1,69
제13회 서울국제경쟁포럼 및 제3회 한·ASEAN·CIS 경쟁정책 협의회 행사 기획,1,69
국가 대테러 발전 세미나 운영,1,69
개발협력주간 행사 운영,1,69
2025년 추석 맞이 우리 농축산물 등 구매,1,19
우리 농축산물 등 구매,1,1
2026년도 국가고시센터 급식재료 납품(국가직),1,24
2025년 국가공무원인재개발원 식자재 납품업체 선정,1,24
2025년 2분기 국가인재원 구내식당급식재료(수산물)구매,1,24
2025년 2분기 국가인재원 구내식당급식재료(공산품)구매,1,24
2025년 2분기 국가인재원 구내식당 급식재료(축산물) 구매,1,24
